year,lat,lon,ID,dates,surf_temp,bot_temp,surf_salinity,bot_salinity,avg_depth,region
2023,39.0235,-73.294333,202304017400040014,2023-09-10,24.62,9.93,31.693,33.049,70.0,northeast
2023,38.8405,-73.203333,202304017400020015,2023-09-10,25.49,10.0,31.953,33.35,81.0,northeast
2023,38.844167,-72.988167,202304017500020016,2023-09-10,24.92,14.05,33.659,35.459,118.0,northeast
2023,38.851833,-72.934,202304017600040017,2023-09-10,25.47,13.28,33.237,35.6,192.0,northeast
2023,38.852333,-72.933667,202304017600010018,2023-09-10,25.47,13.28,33.237,35.6,190.0,northeast
2023,38.761,-73.037833,202304017600020019,2023-09-11,24.76,9.87,33.24,35.281,227.0,northeast
2023,38.801833,-73.163833,202304017400030020,2023-09-11,24.76,10.24,32.23,33.46,84.0,northeast
2023,38.621167,-73.4065,202304017400050021,2023-09-11,25.11,10.66,32.096,33.687,82.0,northeast
2023,38.627833,-73.2815,202304017400010022,2023-09-11,25.57,11.48,32.715,34.088,108.0,northeast
2023,38.5935,-73.274,202304017500030023,2023-09-11,26.24,14.2,33.438,35.42,122.0,northeast
2023,38.537167,-73.2535,202304017600030024,2023-09-11,26.8,11.15,34.087,35.429,228.0,northeast
2023,38.517333,-73.338667,202304017500010025,2023-09-11,26.47,13.87,34.017,35.626,119.0,northeast
2023,38.414667,-73.433,202304017100020026,2023-09-11,26.38,14.12,33.932,35.714,115.0,northeast
2023,38.347333,-73.598833,202304017100010027,2023-09-11,25.46,13.8,33.006,35.419,140.0,northeast
2023,38.293333,-73.618,202304017200010028,2023-09-11,25.99,12.33,33.815,35.568,200.0,northeast
2023,38.386667,-73.686,202304017000050029,2023-09-12,25.63,12.95,31.848,34.836,107.0,northeast
2023,38.2815,-73.760167,202304017000020030,2023-09-12,25.26,13.49,32.514,35.33,112.0,northeast
2023,38.320333,-73.955,202304017000040031,2023-09-12,25.18,10.04,32.071,33.209,66.0,northeast
2023,38.525833,-73.961,202304016900040032,2023-09-12,24.79,10.35,32.177,32.948,54.0,northeast
2023,38.832667,-73.894,202304017300030033,2023-09-12,25.49,10.83,31.268,32.756,44.0,northeast
2023,38.787,-74.125667,202304016900030034,2023-09-12,25.97,12.01,31.202,32.56,47.0,northeast
2023,38.449333,-74.0555,202304016900010035,2023-09-12,26.92,10.15,31.891,32.97,59.0,northeast
2023,38.3755,-74.238333,202304016900050036,2023-09-12,26.01,10.48,31.47,32.911,55.0,northeast
2023,38.242,-74.227167,202304016900070037,2023-09-12,24.02,10.74,32.222,32.874,54.0,northeast
2023,37.995,-74.7375,202304016900060038,2023-09-12,25.62,16.58,31.212,32.231,35.0,northeast
2023,37.924167,-74.583,202304016900020039,2023-09-13,25.63,12.74,31.208,32.627,48.0,northeast
2023,37.924,-74.3525,202304017000030040,2023-09-13,25.6,10.26,31.406,33.0,67.0,northeast
2023,37.920167,-74.114833,202304017100030041,2023-09-13,25.31,12.41,31.494,34.656,121.0,northeast
2023,37.632,-74.238333,202304017200020042,2023-09-13,,,,,280.0,northeast
2023,37.600833,-74.271167,202304017200030043,2023-09-13,27.88,9.69,34.924,35.277,231.0,northeast
2023,37.57,-74.367,202304016600030044,2023-09-13,26.64,13.35,33.666,35.059,102.0,northeast
2023,37.580167,-74.445167,202304016600010045,2023-09-13,26.69,10.32,33.71,33.427,81.0,northeast
2023,37.703,-74.596833,202304017000010046,2023-09-13,25.44,11.22,31.824,32.879,60.0,northeast
2023,37.6925,-74.903333,202304016500080047,2023-09-13,25.78,21.06,31.508,33.114,29.0,northeast
2023,37.689333,-74.907167,202304016500040048,2023-09-13,25.78,21.06,31.508,33.114,29.0,northeast
2023,37.331167,-75.1235,202304016500020049,2023-09-13,25.74,15.98,31.808,32.437,28.0,northeast
2023,37.266667,-75.261833,202304016500060050,2023-09-14,25.74,17.74,31.767,32.256,30.0,northeast
2023,37.243,-75.490667,202304016500030051,2023-09-14,25.54,19.28,30.339,32.2,23.0,northeast
2023,36.780167,-75.661167,202304033800020052,2023-09-14,25.6,22.75,31.025,31.783,22.0,northeast
2023,36.851,-75.754833,202304033800030053,2023-09-16,24.49,24.05,30.602,30.883,18.0,northeast
2023,37.080667,-75.305,202304016500050054,2023-09-16,24.18,20.21,31.628,32.103,33.0,northeast
2023,37.081833,-75.225,202304016500010055,2023-09-16,24.35,20.69,32.018,32.108,34.0,northeast
2023,36.9865,-74.9165,202304016500070056,2023-09-16,23.94,14.31,32.125,32.657,48.0,northeast
2023,37.0865,-74.763333,202304016700020057,2023-09-16,,,,,122.0,northeast
2023,37.203667,-74.522167,202304016800020058,2023-09-17,25.5,10.68,34.424,35.366,240.0,northeast
2023,36.991833,-74.617167,202304016800030059,2023-09-17,,,,,309.0,northeast
2023,36.870333,-74.651667,202304016700030060,2023-09-17,23.73,13.16,33.309,34.742,126.0,northeast
2023,36.766167,-74.668833,202304016700010061,2023-09-17,,,,,117.0,northeast
2023,36.751167,-74.758833,202304016600020062,2023-09-17,23.97,11.62,33.004,32.857,73.0,northeast
2023,36.521833,-74.741,202304016800010063,2023-09-17,23.9,12.14,32.258,35.551,203.0,northeast
2023,36.494667,-74.777667,202304016200020064,2023-09-17,23.66,11.11,32.283,33.101,91.0,northeast
2023,36.499667,-74.894667,202304016100050065,2023-09-17,24.5,15.15,31.754,32.658,34.0,northeast
2023,36.370167,-75.236667,202304016100020066,2023-09-17,24.7,20.63,31.923,32.276,32.0,northeast
2023,36.367167,-74.994,202304016100010067,2023-09-17,24.16,18.85,32.033,32.726,42.0,northeast
2023,36.343833,-74.8555,202304016200010068,2023-09-18,24.14,11.67,31.711,33.021,75.0,northeast
2023,36.3195,-74.784833,202304016400010069,2023-09-18,24.1,14.66,31.754,35.893,188.0,northeast
2023,36.226833,-74.926667,202304016100040070,2023-09-18,23.96,17.97,32.024,33.509,51.0,northeast
2023,36.105833,-74.798167,202304016300010071,2023-09-18,,,,,153.0,northeast
2023,36.0825,-74.779833,202304016400030072,2023-09-18,24.54,10.49,32.83,35.369,282.0,northeast
2023,36.022333,-74.802333,202304016300020073,2023-09-18,24.61,14.03,32.797,35.833,165.0,northeast
2023,35.860833,-74.912667,202304016200030074,2023-09-18,24.78,14.81,32.913,33.686,82.0,northeast
2023,35.805,-74.870833,202304016300030075,2023-09-18,,,,,158.0,northeast
2023,35.693,-75.304833,202304034400040076,2023-09-18,25.01,25.9,31.589,33.581,23.0,northeast
2023,35.663167,-75.362833,202304034400020077,2023-09-18,25.07,25.56,31.659,33.088,25.0,northeast
2023,35.6285,-75.2895,202304034400030078,2023-09-18,24.9,27.17,31.995,34.95,24.0,northeast
2023,35.3205,-75.3425,202304034400050079,2023-09-19,25.84,27.24,32.975,34.912,23.0,northeast
2023,35.284333,-75.323333,202304034400010080,2023-09-19,,,,,23.0,northeast
2023,35.107167,-75.310167,202304085000020081,2023-09-19,28.14,23.48,35.868,36.381,45.0,northeast
2023,34.957,-75.818167,202304075200020082,2023-09-19,26.59,26.6,35.81,35.812,24.0,northeast
2023,34.943833,-75.78,202304075200030083,2023-09-19,26.6,26.6,35.805,35.805,26.0,northeast
2023,34.805167,-75.808167,202304085000010084,2023-09-19,27.15,27.12,35.959,35.956,33.0,northeast
2023,34.707667,-75.740167,202304085000030085,2023-09-19,28.08,27.31,35.964,36.072,46.0,northeast
2023,34.5785,-75.792667,202304085100020086,2023-09-19,29.11,26.02,35.707,36.244,63.0,northeast
2023,34.4245,-75.774167,202304085300040087,2023-09-19,28.64,12.02,35.638,35.534,287.0,northeast
2023,34.420333,-75.777167,202304085300030088,2023-09-19,28.64,12.02,35.638,35.534,287.0,northeast
2023,34.540333,-75.6855,202304085300010089,2023-09-19,28.7,12.18,35.728,35.574,271.0,northeast
2023,34.6445,-75.637167,202304085200010090,2023-09-19,28.52,17.23,35.672,36.24,171.0,northeast
2023,34.886833,-75.331833,202304085300020091,2023-09-20,28.96,7.96,35.886,35.144,371.0,northeast
2023,34.8965,-75.452167,202304085100030092,2023-09-20,28.65,20.9,35.724,36.42,97.0,northeast
2023,34.944167,-75.350167,202304085200020093,2023-09-20,28.38,18.78,35.659,36.427,145.0,northeast
2023,35.238,-75.084167,202304085100010094,2023-09-20,28.0,22.19,35.964,36.4,86.0,northeast
2023,35.338833,-74.951833,202304085200030095,2023-09-20,28.47,19.6,35.959,36.387,115.0,northeast
2023,35.655167,-74.8,202304016400020096,2023-09-20,,,,,191.0,northeast
2023,35.907167,-75.339333,202304034100030097,2023-09-20,24.57,24.42,31.654,32.29,26.0,northeast
2023,35.879167,-75.4275,202304034100010098,2023-09-20,24.53,24.4,31.302,32.191,26.0,northeast
2023,35.9985,-75.383833,202304034100050099,2023-09-21,24.33,24.31,30.741,32.018,24.0,northeast
2023,36.126167,-75.1435,202304016100030100,2023-09-21,24.24,23.86,32.162,32.805,36.0,northeast
2023,36.266167,-75.661,202304034100020101,2023-09-21,23.86,24.1,30.159,31.553,23.0,northeast
2023,36.393667,-75.674667,202304034100040102,2023-09-21,23.7,23.7,30.13,31.84,22.0,northeast
2023,36.576333,-75.659833,202304033800010103,2023-09-21,24.05,23.76,31.092,31.716,23.0,northeast
2023,37.4105,-75.474333,202304033500010104,2023-09-21,24.22,24.19,31.885,31.897,24.0,northeast
2023,37.446167,-75.407,202304033500020105,2023-09-21,24.24,24.17,31.91,31.899,25.0,northeast
2023,37.521,-75.396833,202304033500030106,2023-09-21,24.12,24.03,31.86,31.858,23.0,northeast
2023,37.708667,-75.251333,202304033200010107,2023-09-21,23.86,23.85,31.789,31.787,24.0,northeast
2023,37.844667,-75.106333,202304033200030108,2023-09-21,23.4,23.34,31.471,31.467,27.0,northeast
2023,37.915667,-75.079167,202304033200020109,2023-09-22,23.32,23.33,31.466,31.466,23.0,northeast
2023,38.073667,-74.961333,202304032900030110,2023-09-22,23.14,23.15,31.44,31.44,23.0,northeast
2023,38.2275,-74.950833,202304032900010111,2023-09-22,23.07,23.1,30.957,31.094,23.0,northeast
2023,38.416833,-74.85,202304032900020112,2023-09-22,22.91,22.93,31.056,31.07,20.0,northeast
2023,38.559667,-74.878833,202304032600020113,2023-09-24,22.1,22.1,31.021,31.021,22.0,northeast
2023,38.646833,-74.842167,202304032600010114,2023-09-24,21.66,21.32,30.914,30.949,31.0,northeast
2023,38.778333,-74.807833,202304032600030115,2023-09-24,21.57,21.57,30.783,30.783,18.0,northeast
2023,39.0865,-74.353167,202304032300010116,2023-09-24,20.3,20.01,31.774,31.893,28.0,northeast
2023,39.149833,-74.363,202304032300030117,2023-09-24,20.1,20.08,31.529,31.566,23.0,northeast
2023,39.174167,-74.477,202304032300020118,2023-09-25,20.68,20.54,30.518,30.9,22.0,northeast
2023,39.3895,-74.1485,202304032000010119,2023-09-25,20.12,20.05,31.273,31.554,22.0,northeast
2023,39.270167,-74.167667,202304032000020120,2023-09-25,20.0,20.03,31.488,31.644,29.0,northeast
2023,39.275167,-74.047,202304017300010121,2023-09-25,19.93,20.08,31.725,31.898,28.0,northeast
2023,39.304167,-73.8885,202304017300020122,2023-09-25,19.66,19.53,32.174,32.535,39.0,northeast
2023,39.261333,-73.584333,202304017300060123,2023-09-25,19.14,13.56,32.387,32.373,50.0,northeast
2023,39.397167,-73.776667,202304017300050124,2023-09-25,19.89,19.4,32.564,32.659,37.0,northeast
2023,39.461333,-73.975,202304032000040125,2023-09-25,19.43,19.33,32.055,32.108,27.0,northeast
2023,,,202304030800020126,,,,,,,northeast
2023,41.087667,-71.627,202304030200010127,2023-10-05,17.74,16.28,31.537,31.708,38.0,northeast
2023,41.133,-71.517333,202304034500020128,2023-10-05,18.25,16.78,31.102,31.543,30.0,northeast
2023,41.231833,-71.524,202304034500010129,2023-10-06,,,,,40.0,northeast
2023,41.081167,-71.7215,202304030200020130,2023-10-06,,,,,40.0,northeast
2023,40.972333,-71.419333,202304010500050131,2023-10-06,17.23,15.05,31.712,32.075,46.0,northeast
2023,40.932167,-71.279833,202304010500020132,2023-10-06,16.61,13.54,32.017,32.257,56.0,northeast
2023,40.749667,-71.455,202304010600060133,2023-10-06,16.92,12.9,32.096,32.32,65.0,northeast
2023,40.634167,-71.193333,202304010600010134,2023-10-06,17.7,13.12,32.468,32.303,65.0,northeast
2023,40.482333,-71.7,202304010600080135,2023-10-06,17.61,11.74,32.105,32.47,75.0,northeast
2023,40.486833,-72.138667,202304010600040136,2023-10-06,17.54,12.87,32.13,32.408,57.0,northeast
2023,40.535333,-72.0415,202304010600050137,2023-10-06,17.62,13.97,31.949,32.36,59.0,northeast
2023,40.714833,-71.8615,202304010500010138,2023-10-07,17.31,16.59,31.871,32.23,54.0,northeast
2023,40.986667,-71.900833,202304030200030139,2023-10-07,18.34,18.24,30.582,30.68,23.0,northeast
2023,40.9285,-72.069667,202304030500030140,2023-10-07,17.95,17.84,30.962,31.382,27.0,northeast
2023,40.850333,-72.319833,202304030500020141,2023-10-07,18.72,18.12,31.085,31.191,25.0,northeast
2023,40.832667,-72.354833,202304030500010142,2023-10-07,18.49,18.26,31.132,31.2,27.0,northeast
2023,40.780667,-72.517167,202304030800010143,2023-10-07,18.38,17.93,31.322,31.394,28.0,northeast
2023,40.704667,-72.522833,202304010100010144,2023-10-07,18.22,17.18,31.459,31.693,35.0,northeast
2023,40.6035,-72.986,202304030800040145,2023-10-07,18.82,17.6,30.88,31.613,24.0,northeast
2023,40.614833,-73.0155,202304030800030146,2023-10-07,18.84,17.85,31.24,31.499,23.0,northeast
2023,40.476667,-73.714833,202304031400030147,2023-10-08,18.65,18.5,30.841,31.799,26.0,northeast
2023,40.4685,-73.760667,202304031400020148,2023-10-08,18.54,18.43,30.696,31.76,28.0,northeast
2023,40.198833,-73.836833,202304031400010149,2023-10-08,18.46,18.51,31.104,32.209,25.0,northeast
2023,40.197333,-73.591333,202304010100040150,2023-10-08,18.47,18.65,32.009,32.328,38.0,northeast
2023,40.405333,-73.176667,202304010100020151,2023-10-08,18.14,18.1,31.883,31.918,35.0,northeast
2023,40.501,-73.288333,202304031100030152,2023-10-08,18.09,18.18,31.703,31.84,26.0,northeast
2023,40.427667,-73.403167,202304031100010153,2023-10-08,18.18,18.27,31.058,31.788,26.0,northeast
2023,40.390833,-73.498833,202304031100020154,2023-10-08,18.27,18.34,31.441,31.533,26.0,northeast
2023,40.025833,-73.617,202304010100060155,2023-10-08,18.04,17.69,32.102,32.23,33.0,northeast
2023,39.887167,-73.878833,202304031700020156,2023-10-09,18.74,18.91,31.262,31.99,26.0,northeast
2023,39.771333,-73.853667,202304031700030157,2023-10-09,18.67,18.86,31.508,31.826,27.0,northeast
2023,39.647667,-73.9265,202304031700010158,2023-10-09,18.6,18.91,31.33,32.369,27.0,northeast
2023,39.592167,-73.892833,202304032000030159,2023-10-09,18.55,18.98,31.55,32.442,27.0,northeast
2023,39.710333,-73.649,202304017300040160,2023-10-09,18.73,18.84,32.292,32.418,32.0,northeast
2023,39.503167,-73.053,202304010200090161,2023-10-09,18.28,12.14,32.986,32.842,69.0,northeast
2023,39.421333,-72.9945,202304010200020162,2023-10-09,17.83,11.8,32.827,32.801,66.0,northeast
2023,39.405667,-72.759833,202304010200010163,2023-10-09,17.62,10.43,32.82,33.229,79.0,northeast
2023,39.1875,-72.551167,202304010400030164,2023-10-09,19.58,12.95,33.847,35.546,213.0,northeast
2023,39.281167,-72.3305,202304010400020165,2023-10-09,,,,,259.0,northeast
2023,39.3265,-72.423833,202304010300040166,2023-10-10,16.64,13.59,32.485,35.599,144.0,northeast
2023,39.484167,-72.469,202304010300020167,2023-10-10,18.29,13.25,33.236,35.208,118.0,northeast
2023,39.543,-72.439333,202304010400010168,2023-10-10,,,,,190.0,northeast
2023,39.752667,-72.604,202304010200070169,2023-10-10,17.52,11.45,32.436,32.578,74.0,northeast
2023,39.800333,-72.712333,202304010200080170,2023-10-10,17.48,11.75,32.174,32.605,56.0,northeast
2023,39.919167,-73.097333,202304010200050171,2023-10-10,17.63,11.74,32.391,32.638,69.0,northeast
2023,39.974167,-73.060167,202304010100070172,2023-10-10,17.72,15.5,32.512,32.971,51.0,northeast
2023,40.239667,-72.883667,202304010100030173,2023-10-10,17.26,17.36,31.99,33.062,48.0,northeast
2023,40.173,-72.685833,202304010100050174,2023-10-10,17.46,12.55,32.513,32.64,57.0,northeast
2023,40.235667,-72.272,202304010200060175,2023-10-11,17.06,11.93,32.272,32.538,63.0,northeast
2023,39.727333,-71.999667,202304010300010176,2023-10-11,15.56,13.0,32.127,35.512,160.0,northeast
2023,39.876833,-71.808833,202304010300030177,2023-10-11,16.86,13.14,32.446,35.44,160.0,northeast
2023,39.985,-71.815167,202304010200030178,2023-10-11,17.19,11.9,32.551,34.316,95.0,northeast
2023,40.108833,-71.592833,202304010600030179,2023-10-11,15.92,11.58,32.023,34.152,85.0,northeast
2023,39.953167,-71.347167,202304010800010180,2023-10-11,15.74,10.91,32.345,35.364,278.0,northeast
2023,40.195667,-71.091167,202304010700020181,2023-10-11,16.5,12.94,31.992,35.281,127.0,northeast
2023,40.2805,-71.058667,202304010600070182,2023-10-11,16.39,11.06,31.942,34.014,103.0,northeast
2023,40.3805,-70.892833,202304010600020183,2023-10-12,15.7,10.23,32.112,33.376,89.0,northeast
2023,40.176667,-70.984,202304010700030184,2023-10-12,15.72,12.75,32.13,35.151,139.0,northeast
2023,40.010333,-70.8955,202304010800020185,2023-10-12,16.31,10.01,32.497,35.279,271.0,northeast
2023,40.103167,-70.8505,202304010700040186,2023-10-12,15.46,13.05,31.926,35.303,144.0,northeast
2023,39.984333,-70.702667,202304010800030187,2023-10-12,16.42,8.32,32.475,35.147,302.0,northeast
2023,40.068167,-70.607,202304010700010188,2023-10-12,15.37,11.37,31.841,34.9,127.0,northeast
2023,40.0825,-70.4395,202304011100040189,2023-10-12,15.63,11.87,31.806,34.988,166.0,northeast
2023,39.990333,-70.392167,202304011200030190,2023-10-12,15.49,9.75,31.645,35.248,279.0,northeast
2023,40.184667,-70.322167,202304011100010191,2023-10-12,15.4,10.96,31.686,34.415,113.0,northeast
2023,40.257333,-70.144,202304011000070192,2023-10-12,16.48,10.07,32.315,33.515,94.0,northeast
2023,40.287333,-70.006833,202304011000030193,2023-10-12,16.86,10.16,32.806,33.293,90.0,northeast
2023,40.1825,-69.988333,202304011000050194,2023-10-13,15.87,9.95,32.073,33.66,103.0,northeast
2023,40.021167,-70.042833,202304011100020195,2023-10-13,16.64,11.48,32.723,35.137,168.0,northeast
2023,39.916167,-69.827167,202304011200020196,2023-10-13,16.35,6.74,32.678,35.033,327.0,northeast
2023,,,202304011200050197,,,,,,,northeast
2023,39.933667,-69.509333,202304011200040198,2023-10-13,16.72,10.3,32.773,35.159,216.0,northeast
2023,39.998833,-69.306167,202304011100030199,2023-10-13,,,,,122.0,northeast
2023,40.284833,-69.340833,202304011000010200,2023-10-13,15.46,9.76,32.04,33.221,83.0,northeast
2023,40.276167,-69.083167,202304011000060201,2023-10-13,14.98,9.51,31.963,33.295,98.0,northeast
2023,40.290167,-68.620667,202304011300100202,2023-10-14,14.97,9.61,31.966,34.191,107.0,northeast
2023,40.217,-68.500833,202304011500030203,2023-10-14,15.68,9.56,32.123,35.158,265.0,northeast
2023,40.240333,-68.437,202304011400030204,2023-10-14,15.6,11.42,32.043,35.207,161.0,northeast
2023,40.28,-68.220833,202304011500020205,2023-10-14,14.85,10.76,32.069,35.223,189.0,northeast
2023,40.679667,-68.7115,202304011300060206,2023-10-14,14.83,14.13,32.054,32.118,66.0,northeast
2023,40.741833,-68.396833,202304011900010207,2023-10-14,15.01,14.47,32.07,32.108,63.0,northeast
2023,40.718333,-68.102333,202304011300090208,2023-10-14,14.16,11.77,32.175,32.446,78.0,northeast
2023,40.9145,-68.1295,202304011300030209,2023-10-14,14.73,14.21,32.106,32.14,60.0,northeast
2023,41.374,-67.712833,202304011900030210,2023-10-15,16.74,16.78,32.094,32.106,40.0,northeast
2023,41.664167,-68.0245,202304012000030211,2023-10-15,15.41,15.42,31.907,31.911,33.0,northeast
2023,41.861,-67.468667,202304012000060212,2023-10-15,15.17,15.18,31.934,31.941,55.0,northeast
2023,41.764,-67.416,202304011900100213,2023-10-15,15.68,15.7,32.071,32.079,45.0,northeast
2023,41.764333,-67.415833,202304011900080214,2023-10-15,15.68,15.7,32.071,32.079,45.0,northeast
2023,41.6945,-67.1805,202304011900070215,2023-10-15,15.11,14.98,32.136,32.142,55.0,northeast
2023,42.033333,-67.181167,202304012000050216,2023-10-17,14.62,13.38,31.842,32.055,53.0,northeast
2023,42.177333,-67.078833,202304012100030217,2023-10-17,,,,,124.0,northeast
2023,42.185333,-67.067667,202304012200030218,2023-10-17,15.13,8.56,31.723,34.67,163.0,northeast
2023,42.281667,-67.095333,202304012900040219,2023-10-17,13.52,7.88,32.058,34.992,274.0,northeast
2023,42.194333,-66.568,202304012900020220,2023-10-17,13.45,8.63,32.081,34.892,215.0,northeast
2023,42.131,-66.254,202304012100020221,2023-10-17,14.46,8.22,31.461,33.879,112.0,northeast
2023,42.152167,-66.141,202304012200020222,2023-10-17,14.55,8.83,31.221,34.594,211.0,northeast
2023,42.219,-65.740333,202304012900070223,2023-10-18,14.03,8.39,31.382,34.861,229.0,northeast
2023,42.084333,-65.759167,202304012900010224,2023-10-18,15.22,8.19,30.898,34.845,252.0,northeast
2023,42.075167,-65.979167,202304011800020225,2023-10-18,14.51,8.99,31.246,34.781,192.0,northeast
2023,42.031833,-65.987833,202304011700010226,2023-10-18,15.03,8.41,31.062,34.22,119.0,northeast
2023,41.943833,-65.826333,202304011700020227,2023-10-18,15.51,9.03,31.204,34.768,175.0,northeast
2023,41.681167,-65.951333,202304011600020228,2023-10-18,15.58,7.86,31.003,33.992,104.0,northeast
2023,41.687167,-66.1105,202304011600060229,2023-10-18,14.62,7.61,31.274,33.072,97.0,northeast
2023,42.0035,-66.196833,202304011600040230,2023-10-18,14.49,8.58,31.8,32.898,90.0,northeast
2023,41.943833,-66.333333,202304011600030231,2023-10-18,14.43,9.45,31.956,32.688,81.0,northeast
2023,41.760333,-66.7205,202304011600140232,2023-10-19,13.76,13.71,32.025,32.03,65.0,northeast
2023,41.764333,-66.686667,202304011600070233,2023-10-19,13.76,13.71,32.025,32.03,65.0,northeast
2023,41.6605,-66.5205,202304011600050234,2023-10-19,14.29,11.15,31.947,32.355,74.0,northeast
2023,41.445167,-66.388,202304011600010235,2023-10-19,14.67,8.66,31.404,32.8,99.0,northeast
2023,41.246333,-66.2435,202304011800010236,2023-10-19,,,,,298.0,northeast
2023,41.117833,-66.345833,202304011800040237,2023-10-19,15.62,8.64,31.71,34.983,279.0,northeast
2023,41.101667,-66.4525,202304011700030238,2023-10-19,15.57,8.64,31.597,33.009,117.0,northeast
2023,41.206,-66.608833,202304011600090239,2023-10-19,14.85,9.06,31.456,32.889,86.0,northeast
2023,41.390333,-66.674167,202304011600130240,2023-10-19,14.42,11.04,31.794,32.425,83.0,northeast
2023,41.383167,-66.886,202304011600120241,2023-10-20,14.06,12.94,32.053,32.163,72.0,northeast
2023,41.344167,-67.048667,202304011600110242,2023-10-20,14.39,13.76,31.979,32.161,63.0,northeast
2023,41.271667,-67.238833,202304011900060243,2023-10-20,14.31,14.3,32.182,32.181,55.0,northeast
2023,41.157667,-67.446333,202304011900090244,2023-10-20,14.75,14.19,32.162,32.197,53.0,northeast
2023,41.122,-67.575833,202304011900040245,2023-10-20,14.93,14.25,32.154,32.197,57.0,northeast
2023,41.121833,-67.5285,202304011300050246,2023-10-20,14.97,14.29,32.156,32.192,59.0,northeast
2023,41.001667,-67.420167,202304011300040247,2023-10-20,14.4,13.42,31.997,32.243,72.0,northeast
2023,41.019333,-67.344167,202304011300020248,2023-10-20,14.62,13.49,32.072,32.233,71.0,northeast
2023,40.563,-67.189833,202304011400040249,2023-10-20,15.35,10.05,31.389,34.789,157.0,northeast
2023,40.474667,-67.478667,202304011400010250,2023-10-20,14.88,10.12,31.451,34.59,154.0,northeast
2023,42.246333,-70.0705,202304012600030251,2023-10-21,,,,,143.0,northeast
2023,42.4265,-70.133,202304012600020252,2023-10-21,14.22,9.34,31.363,32.369,80.0,northeast
2023,42.379667,-70.472667,202304012600010253,2023-10-22,14.38,9.4,31.096,32.013,87.0,northeast
2023,42.293833,-70.449667,202304012600060254,2023-10-22,14.44,9.69,31.101,32.044,86.0,northeast
2023,42.23,-70.526667,202304036600020255,2023-10-22,14.4,10.44,31.08,32.059,60.0,northeast
2023,42.199833,-70.579167,202304036400020256,2023-10-22,14.61,10.79,31.043,32.058,42.0,northeast
2023,42.1855,-70.562667,202304036500020257,2023-10-22,14.67,12.11,31.017,31.848,44.0,northeast
2023,42.003,-70.347333,202304036100030258,2023-10-23,15.34,10.75,30.886,31.817,52.0,northeast
2023,41.991333,-70.219167,202304036000010259,2023-10-23,15.16,14.36,30.904,31.161,39.0,northeast
2023,41.88,-70.377833,202304036000030260,2023-10-23,15.19,15.17,30.86,30.862,33.0,northeast
2023,41.8405,-70.375167,202304035900010261,2023-10-23,15.35,15.31,30.905,30.905,28.0,northeast
2023,41.398333,-71.321167,202304034500030262,2023-10-23,15.95,15.82,31.388,31.701,33.0,northeast
2023,41.293833,-70.968167,202304010500040263,2023-10-30,15.79,15.75,31.494,31.531,38.0,northeast
2023,41.2715,-70.606667,202304034600030264,2023-10-30,15.52,15.52,31.197,31.202,27.0,northeast
2023,41.145333,-70.420167,202304010900030265,2023-10-30,15.55,15.56,31.357,31.436,37.0,northeast
2023,41.211667,-70.354333,202304010900020266,2023-10-31,15.51,15.6,31.231,31.274,31.0,northeast
2023,41.2355,-70.285667,202304034600020267,2023-10-31,15.02,15.03,31.036,31.075,24.0,northeast
2023,41.053333,-70.119667,202304034600010268,2023-10-31,15.33,15.36,31.184,31.186,24.0,northeast
2023,40.927833,-70.027667,202304034600040269,2023-10-31,15.23,15.24,31.245,31.284,25.0,northeast
2023,40.550167,-70.548,202304011000080270,2023-10-31,14.36,11.53,31.841,32.861,67.0,northeast
2023,,,202304011000100271,,,,,,,northeast
2023,40.598333,-70.365667,202304011000090272,2023-10-31,14.42,13.2,31.77,32.391,60.0,northeast
2023,40.832833,-69.778833,202304010900050273,2023-10-31,14.47,14.49,31.298,31.302,37.0,northeast
2023,40.766,-69.4595,202304010900010274,2023-10-31,13.36,13.29,31.647,31.673,49.0,northeast
2023,40.690833,-69.4335,202304010900040275,2023-11-01,13.42,13.4,31.588,31.66,48.0,northeast
2023,40.8415,-69.242333,202304011000020276,2023-11-01,13.41,12.82,31.585,31.755,58.0,northeast
2023,40.892833,-68.963667,202304011000040277,2023-11-01,14.24,14.25,32.027,32.035,73.0,northeast
2023,41.1255,-69.3665,202304012500030278,2023-11-02,12.05,12.06,31.987,31.998,48.0,northeast
2023,41.0455,-68.4375,202304011900050279,2023-11-02,14.96,14.97,31.975,31.97,46.0,northeast
2023,41.131,-68.456667,202304011900020280,2023-11-02,15.3,15.21,32.009,31.996,56.0,northeast
2023,41.289167,-68.764333,202304012300040281,2023-11-02,12.29,8.36,31.935,32.651,91.0,northeast
2023,41.430833,-68.755,202304012400030282,2023-11-02,13.02,7.22,31.809,32.942,135.0,northeast
2023,41.407833,-68.422333,202304012300060283,2023-11-02,13.31,10.6,32.002,32.279,66.0,northeast
2023,41.460833,-68.367833,202304012300030284,2023-11-02,14.15,12.3,31.968,32.116,58.0,northeast
2023,41.332167,-68.1955,202304012000040285,2023-11-03,15.24,15.26,32.03,32.032,50.0,northeast
2023,41.532,-68.388833,202304012000020286,2023-11-03,13.01,12.1,32.012,32.114,50.0,northeast
2023,41.661333,-68.415333,202304012000010287,2023-11-03,13.34,12.0,31.99,32.15,28.0,northeast
2023,41.796167,-68.199167,202304012100010288,2023-11-03,13.62,10.58,31.976,32.296,87.0,northeast
2023,41.934333,-68.276167,202304012900080289,2023-11-03,13.39,8.25,31.795,34.558,205.0,northeast
2023,41.92,-68.462,202304012400010290,2023-11-03,13.1,7.81,31.829,33.871,176.0,northeast
2023,42.097333,-68.345333,202304012400060291,2023-11-03,13.21,7.91,31.776,34.0,180.0,northeast
2023,42.028333,-67.930333,202304012200010292,2023-11-04,12.84,7.97,31.849,33.984,191.0,northeast
2023,42.111833,-67.605167,202304012200040293,2023-11-04,12.59,8.22,31.94,34.207,172.0,northeast
2023,42.122,-67.4175,202304012100040294,2023-11-04,12.89,7.62,31.865,33.405,126.0,northeast
2023,42.3195,-67.789833,202304012900060295,2023-11-04,12.24,8.6,32.128,34.683,211.0,northeast
2023,42.4355,-67.816833,202304012900100296,2023-11-04,12.34,8.57,32.069,34.811,200.0,northeast
2023,42.780833,-67.598667,202304012900030297,2023-11-04,,,,,226.0,northeast
2023,42.913,-67.948833,202304013600070298,2023-11-04,12.21,8.35,32.217,34.236,166.0,northeast
2023,43.048667,-67.894,202304013600030299,2023-11-05,12.43,8.48,32.207,34.36,198.0,northeast
2023,43.089833,-67.8425,202304013600020300,2023-11-05,12.41,8.46,32.162,34.383,194.0,northeast
2023,42.888,-67.458,202304013600130301,2023-11-05,11.05,8.59,32.262,34.572,244.0,northeast
2023,42.873167,-67.468667,202304013600120302,2023-11-05,,,,,243.0,northeast
2023,42.567,-67.113333,202304013000030303,2023-11-05,11.72,8.07,31.409,34.96,307.0,northeast
2023,42.3555,-66.7935,202304013000010304,2023-11-05,12.01,7.86,31.318,34.958,327.0,northeast
2023,42.454833,-66.861333,202304013000020305,2023-11-05,12.17,7.84,31.423,34.939,333.0,northeast
2023,42.568167,-66.904667,202304012900090306,2023-11-05,11.86,8.03,31.503,34.947,276.0,northeast
2023,43.1665,-66.868333,202304013400060307,2023-11-06,11.18,8.58,31.855,33.862,163.0,northeast
2023,43.2475,-66.965333,202304013600080308,2023-11-06,11.41,8.72,32.107,34.3,194.0,northeast
2023,43.491333,-67.478833,202304013600010309,2023-11-06,11.37,8.57,32.276,34.349,222.0,northeast
2023,43.705333,-67.405667,202304013600040310,2023-11-06,10.79,8.57,32.29,34.306,207.0,northeast
2023,43.633167,-66.863333,202304013400040311,2023-11-06,10.56,8.89,32.328,33.343,128.0,northeast
2023,43.514833,-66.753333,202304013400030312,2023-11-07,,,,,167.0,northeast
2023,43.559667,-66.692833,202304013400070313,2023-11-07,10.49,9.12,31.294,32.846,117.0,northeast
2023,43.876667,-66.919333,202304013400020314,2023-11-07,10.28,8.51,32.383,33.788,159.0,northeast
2023,,,202304013900050315,,,,,,,northeast
2023,43.5185,-69.951833,202304014000010316,2023-11-08,,,,,107.0,northeast
2023,,,202304013800090317,,,,,,,northeast
2023,43.431,-69.777667,202304013800070318,2023-11-08,11.57,8.01,32.091,33.166,138.0,northeast
2023,43.404667,-70.031333,202304012700010319,2023-11-08,11.33,8.06,31.568,33.093,136.0,northeast
2023,43.399833,-70.232167,202304014000020320,2023-11-08,11.62,9.27,31.541,32.711,91.0,northeast
2023,43.166833,-70.0135,202304012600050321,2023-11-09,11.01,10.77,31.65,32.468,80.0,northeast
2023,43.162167,-69.948333,202304012700050322,2023-11-09,11.0,8.01,31.61,33.813,167.0,northeast
2023,43.146333,-69.8365,202304013700060323,2023-11-09,11.05,8.06,31.922,33.877,176.0,northeast
2023,43.243,-69.792333,202304013700070324,2023-11-09,,,,,160.0,northeast
2023,43.2215,-69.273333,202304013700030325,2023-11-09,11.21,8.15,32.078,33.508,178.0,northeast
2023,43.3375,-69.330167,202304013800060326,2023-11-09,11.59,8.09,32.084,33.406,170.0,northeast
2023,43.400667,-68.969667,202304013800010327,2023-11-09,10.71,8.41,32.065,33.293,140.0,northeast
2023,43.660333,-68.369667,202304013800020328,2023-11-10,10.04,8.64,32.331,34.21,188.0,northeast
2023,43.801833,-68.355167,202304013800080329,2023-11-10,9.92,9.31,32.276,33.541,153.0,northeast
2023,43.853667,-68.463667,202304013900010330,2023-11-10,10.44,9.67,32.221,33.238,130.0,northeast
2023,43.960833,-68.295333,202304013900070331,2023-11-10,10.43,10.13,32.271,32.932,106.0,northeast
2023,43.999667,-67.888333,202304013800040332,2023-11-10,9.57,9.29,32.143,33.442,130.0,northeast
2023,44.213333,-67.5025,202304013600060333,2023-11-10,9.44,8.68,31.926,34.164,187.0,northeast
2023,44.254,-67.172167,202304013510030334,2023-11-11,10.01,8.9,31.694,33.959,167.0,northeast
2023,44.196,-67.0145,202304013510020335,2023-11-11,10.0,8.82,31.648,33.715,159.0,northeast
2023,43.8225,-67.707,202304013600050336,2023-11-11,9.79,8.73,32.272,34.392,218.0,northeast
2023,42.897,-68.537333,202304013700010337,2023-11-11,11.48,8.37,32.245,34.23,197.0,northeast
2023,42.751333,-68.741333,202304013700040338,2023-11-12,10.97,8.33,32.289,34.284,202.0,northeast
2023,42.6655,-69.1335,202304013700020339,2023-11-12,10.47,8.2,32.225,33.223,176.0,northeast
2023,42.676,-69.5225,202304012800070340,2023-11-12,10.81,8.38,32.144,34.289,242.0,northeast
2023,42.484167,-69.937,202304012700020341,2023-11-12,10.96,8.05,32.037,33.763,174.0,northeast
2023,42.661833,-70.458833,202304036600030342,2023-11-12,11.53,11.4,31.476,31.511,46.0,northeast
2023,42.661833,-70.5325,202304036500040343,2023-11-12,11.35,10.22,31.455,32.428,72.0,northeast
2023,42.756167,-70.678667,202304036500030344,2023-11-12,11.22,11.26,31.526,32.111,46.0,northeast
2023,42.725333,-70.682833,202304036400030345,2023-11-13,11.3,11.19,31.531,32.177,33.0,northeast
2023,42.864667,-70.642167,202304014000030346,2023-11-13,11.1,9.22,31.366,32.334,71.0,northeast
2023,42.551,-70.3195,202304012600040347,2023-11-13,,,,,163.0,northeast
2023,41.8215,-70.381833,202304035900020348,2023-11-13,12.3,12.19,31.101,31.103,24.0,northeast
2023,42.106,-70.152833,202304036100010349,2023-11-13,11.55,11.17,31.513,31.801,38.0,northeast
2023,42.159,-70.092667,202304036100020350,2023-11-13,10.89,10.69,31.842,32.242,55.0,northeast
2023,42.356667,-69.816333,202304012800020351,2023-11-13,10.95,8.37,32.123,34.214,251.0,northeast
2023,42.361,-69.445167,202304012800010352,2023-11-14,11.56,8.29,32.057,34.23,233.0,northeast
2023,42.2825,-69.548667,202304012800060353,2023-11-14,11.08,8.31,32.103,34.214,234.0,northeast
2023,42.143333,-69.611333,202304012800040354,2023-11-14,11.03,8.39,32.122,34.153,234.0,northeast
2023,42.0945,-69.7595,202304012700060355,2023-11-14,10.69,8.3,31.954,34.037,213.0,northeast
2023,42.017833,-69.697167,202304012400070356,2023-11-14,10.79,8.21,32.015,33.947,190.0,northeast
2023,42.0195,-69.190167,202304012800050357,2023-11-14,11.57,8.16,31.991,33.851,200.0,northeast
2023,42.016333,-69.135333,202304012400040358,2023-11-14,12.14,8.11,31.862,33.882,199.0,northeast
2023,41.907,-69.015833,202304012400050359,2023-11-15,12.02,7.51,31.883,33.423,188.0,northeast
2023,41.843333,-69.351333,202304012400020360,2023-11-15,11.42,8.01,32.001,33.778,192.0,northeast
2023,41.996333,-69.978333,202304035600010361,2023-11-15,11.22,11.22,31.614,31.641,29.0,northeast
2023,41.7905,-69.892,202304035600020362,2023-11-15,11.08,11.05,31.663,31.683,27.0,northeast
2023,41.635833,-69.624167,202304012300020363,2023-11-15,11.3,10.52,31.708,32.402,74.0,northeast
2023,41.2155,-69.411,202304012500050364,2023-11-15,11.04,11.06,31.991,31.992,46.0,northeast
2023,41.237,-69.374333,202304012500010365,2023-11-15,11.04,11.06,31.991,31.992,50.0,northeast
2023,41.283,-69.270333,202304012300050366,2023-11-15,11.28,9.62,31.978,32.567,84.0,northeast
2023,41.271333,-69.1745,202304012300010367,2023-11-16,11.25,9.29,32.009,32.637,96.0,northeast
2023,41.048833,-69.235,202304012500040368,2023-11-16,10.92,10.92,32.123,32.129,65.0,northeast
2024,39.358835,-73.555883,202404017300040018,2024-09-07,20.82,8.74,31.679,31.677,49.0,northeast
2024,39.28376,-73.528738,202404017300010020,2024-09-07,20.99,7.99,31.677,31.92,47.0,northeast
2024,39.133148,-73.566953,202404017300050022,2024-09-07,20.81,8.52,31.307,31.754,48.0,northeast
2024,39.022863,-73.578408,202404017300020024,2024-09-07,20.83,7.87,31.562,32.068,54.0,northeast
2024,38.895028,-73.257403,202404017400040026,2024-09-07,21.62,11.78,32.69,34.222,77.0,northeast
2024,38.97865,-73.29322,202404017400020028,2024-09-07,21.25,7.76,32.707,32.345,68.0,northeast
2024,39.130552,-73.253708,202404017400050030,2024-09-07,21.21,8.02,32.744,32.368,63.0,northeast
2024,,,202404017600040032,,,,,,,northeast
2024,39.06722,-72.731662,202404017600020033,2024-09-07,22.82,10.7,33.003,35.262,189.0,northeast
2024,38.965105,-72.830258,202404017600030035,2024-09-07,,,,,194.0,northeast
2024,38.917293,-72.875952,202404017600010037,2024-09-07,,,,,190.0,northeast
2024,38.847785,-72.985328,202404017500030039,2024-09-08,22.36,12.29,33.146,35.103,116.0,northeast
2024,38.663338,-73.209097,202404017500020041,2024-09-08,21.74,12.32,32.984,34.912,120.0,northeast
2024,38.553072,-73.277765,202404017500010043,2024-09-08,21.76,12.2,32.78,35.153,135.0,northeast
2024,38.40071,-73.419528,202404017200040045,2024-09-08,,,,,231.0,northeast
2024,38.401955,-73.417743,202404017200020046,2024-09-08,,,,,232.0,northeast
2024,38.65859,-73.473843,202404017400030048,2024-09-08,21.07,10.28,32.659,33.282,72.0,northeast
2024,38.76396,-73.676858,202404017300060050,2024-09-08,20.64,7.57,31.743,32.11,53.0,northeast
2024,38.601278,-73.758617,202404017000040052,2024-09-08,20.48,7.65,31.791,32.089,60.0,northeast
2024,38.4655,-73.778748,202404017000030054,2024-09-08,20.94,8.27,32.139,32.345,68.0,northeast
2024,38.65266,-73.967215,202404016900060056,2024-09-08,20.61,7.85,31.539,32.009,50.0,northeast
2024,38.660005,-74.209442,202404016900070058,2024-09-09,20.87,8.42,31.258,31.951,44.0,northeast
2024,38.33191,-74.219178,202404016900010060,2024-09-09,20.89,7.83,31.957,31.974,55.0,northeast
2024,38.167467,-74.31976,202404016900030062,2024-09-09,20.93,8.45,31.82,31.973,50.0,northeast
2024,38.022707,-74.041867,202404017100030064,2024-09-09,22.06,12.5,32.777,35.023,111.0,northeast
2024,38.075507,-73.844093,202404017200030066,2024-09-09,23.1,9.66,33.08,35.209,263.0,northeast
2024,38.154005,-73.773145,202404017100010068,2024-09-09,21.45,11.93,32.756,35.307,126.0,northeast
2024,37.990737,-73.958687,202404017100020070,2024-09-09,23.61,12.31,33.441,35.368,144.0,northeast
2024,37.966578,-73.923695,202404017200010072,2024-09-09,,,,,317.0,northeast
2024,37.91494,-74.219187,202404017000050074,2024-09-09,21.28,12.69,32.353,34.85,86.0,northeast
2024,37.915923,-74.47932,202404016900040076,2024-09-10,21.3,8.1,32.602,32.021,56.0,northeast
2024,37.820783,-74.451317,202404017000010078,2024-09-10,21.26,8.3,32.542,32.206,60.0,northeast
2024,37.58822,-74.342328,202404017000020080,2024-09-10,23.81,12.75,33.15,34.732,105.0,northeast
2024,37.270033,-74.493623,202404016800020082,2024-09-10,,,,,276.0,northeast
2024,37.270812,-74.601707,202404016600030084,2024-09-10,23.25,13.71,32.771,35.529,95.0,northeast
2024,37.284888,-74.709303,202404016600020086,2024-09-10,21.27,10.31,32.22,33.251,64.0,northeast
2024,37.114218,-74.68802,202404016700010088,2024-09-10,21.76,14.92,32.49,35.548,117.0,northeast
2024,37.093458,-74.59414,202404016700030090,2024-09-10,23.04,13.56,32.901,35.592,109.0,northeast
2024,36.916378,-74.632027,202404016800030092,2024-09-10,,,,,195.0,northeast
2024,36.793738,-74.664152,202404016700020094,2024-09-10,,,,,159.0,northeast
2024,36.791963,-74.652065,202404016800010096,2024-09-10,,,,,282.0,northeast
2024,36.853808,-74.759365,202404016600010098,2024-09-10,22.67,12.72,32.896,34.381,79.0,northeast
2024,36.977695,-75.091897,202404016500020100,2024-09-11,22.85,10.64,32.394,31.871,41.0,northeast
2024,36.909228,-75.174847,202404016500030102,2024-09-11,21.88,11.82,31.333,31.823,34.0,northeast
2024,36.79046,-75.09614,202404016500070104,2024-09-11,21.78,16.98,31.605,31.413,31.0,northeast
2024,35.602445,-75.33254,202404034400020107,2024-09-11,22.97,26.76,31.253,34.795,32.0,northeast
2024,35.424475,-75.346423,202404034400030109,2024-09-11,23.88,26.61,30.54,34.462,24.0,northeast
2024,35.427287,-75.179543,202404085000010111,2024-09-11,25.92,27.12,34.178,35.891,32.0,northeast
2024,36.876565,-75.747375,202404033800020113,2024-09-15,22.29,22.26,30.891,30.897,19.0,northeast
2024,36.924537,-75.658192,202404033800010115,2024-09-15,22.16,22.15,30.901,30.9,22.0,northeast
2024,37.191953,-75.557017,202404033500020118,2024-09-15,22.09,22.1,30.825,30.839,23.0,northeast
2024,37.299175,-75.493318,202404033500030120,2024-09-15,22.01,21.96,30.854,30.908,22.0,northeast
2024,39.475628,-73.925533,202404032000040122,2024-09-16,21.86,17.97,30.539,31.263,27.0,northeast
2024,39.382142,-73.992868,202404032000020124,2024-09-16,21.38,18.21,30.813,31.086,29.0,northeast
2024,39.294427,-74.066057,202404017300030126,2024-09-16,21.32,16.6,31.355,31.035,30.0,northeast
2024,39.271923,-74.164767,202404032000030128,2024-09-16,21.27,21.29,30.757,31.003,28.0,northeast
2024,39.304235,-74.24396,202404032000010130,2024-09-16,21.66,21.64,30.557,30.632,23.0,northeast
2024,39.172392,-74.489337,202404032300010132,2024-09-17,21.89,21.89,30.748,30.748,20.0,northeast
2024,39.107932,-74.428722,202404032300020134,2024-09-17,21.84,21.85,30.71,30.709,23.0,northeast
2024,38.910862,-74.569997,202404032300030136,2024-09-17,21.7,21.68,30.839,30.854,22.0,northeast
2024,38.825515,-74.703547,202404032600020138,2024-09-17,21.83,21.83,30.806,30.807,22.0,northeast
2024,38.675593,-74.894285,202404032600010140,2024-09-17,21.97,21.91,30.851,30.856,28.0,northeast
2024,38.537032,-74.868545,202404032600030142,2024-09-17,22.1,22.03,30.847,30.848,21.0,northeast
2024,38.464857,-74.878882,202404032900030143,2024-09-17,21.91,21.88,30.775,30.771,21.0,northeast
2024,38.28622,-74.772877,202404016900050146,2024-09-17,,,,,24.0,northeast
2024,38.241557,-74.938697,202404032900010147,2024-09-17,21.82,21.81,30.754,30.756,23.0,northeast
2024,38.043268,-74.967118,202404032900020150,2024-09-17,21.7,21.71,30.823,30.844,25.0,northeast
2024,37.949063,-75.028373,202404033200030152,2024-09-17,21.79,21.72,31.027,31.033,25.0,northeast
2024,37.903242,-74.861862,202404016900020154,2024-09-18,21.57,21.49,30.986,30.992,31.0,northeast
2024,37.728953,-74.844918,202404016500040156,2024-09-18,21.34,18.47,31.337,31.449,36.0,northeast
2024,37.603465,-75.108723,202404016500060158,2024-09-18,21.28,21.22,31.138,31.172,32.0,northeast
2024,37.729702,-75.277275,202404033200010160,2024-09-18,21.83,21.83,30.934,30.934,25.0,northeast
2024,37.638183,-75.33072,202404033200020162,2024-09-18,21.87,21.85,30.976,30.978,23.0,northeast
2024,,,202404016500080164,,,,,,,northeast
2024,37.48132,-75.311903,202404016500010165,2024-09-18,21.83,21.55,30.966,31.072,27.0,northeast
2024,37.450697,-75.414117,202404033500010167,2024-09-18,22.16,21.82,30.807,30.809,22.0,northeast
2024,37.331732,-75.235418,202404016500050169,2024-09-18,21.85,21.67,31.534,32.214,29.0,northeast
2024,36.453488,-75.26176,202404016100040171,2024-09-18,22.05,20.33,31.868,31.787,34.0,northeast
2024,36.40869,-75.09876,202404016100020173,2024-09-18,22.46,16.46,31.837,32.043,35.0,northeast
2024,36.358335,-75.229592,202404016100050175,2024-09-19,22.09,18.65,31.509,31.794,33.0,northeast
2024,36.280793,-75.144665,202404016100010178,2024-09-19,22.49,17.47,32.011,31.972,34.0,northeast
2024,,,202404016100060180,,,,,,,northeast
2024,,,202404016100070181,,,,,,,northeast
2024,35.97343,-75.142105,202404016100030182,2024-09-19,22.41,22.16,31.635,31.91,34.0,northeast
2024,,,202404034400050184,,,,,,,northeast
2024,35.81343,-75.3509,202404034400010185,2024-09-19,22.89,22.72,31.095,31.349,31.0,northeast
2024,35.724272,-75.290087,202404034400040187,2024-09-19,22.82,22.67,31.241,31.366,35.0,northeast
2024,,,202404085200030189,,,,,,,northeast
2024,35.03028,-75.261108,202404085200020190,2024-09-19,,,,,127.0,northeast
2024,,,202404085000040191,,,,,,,northeast
2024,,,202404075200040192,,,,,,,northeast
2024,35.060488,-75.496482,202404075200030193,2024-09-19,23.79,28.48,29.444,36.2,27.0,northeast
2024,34.970668,-75.523698,202404085000030196,2024-09-19,28.41,27.56,36.156,36.001,47.0,northeast
2024,34.916347,-75.781827,202404075200020198,2024-09-19,25.76,27.26,33.14,35.93,27.0,northeast
2024,,,202404085100040200,,,,,,,northeast
2024,34.766088,-75.596148,202404085100010201,2024-09-19,28.42,27.37,36.273,36.154,74.0,northeast
2024,34.71799,-75.574493,202404085200010203,2024-09-19,29.65,18.96,36.214,36.348,160.0,northeast
2024,34.816487,-75.431373,202404085300010205,2024-09-20,29.67,12.6,36.173,35.623,273.0,northeast
2024,35.036347,-75.190143,202404085300030207,2024-09-20,29.65,10.91,36.232,35.397,303.0,northeast
2024,35.03612,-75.189927,202404085300020208,2024-09-20,29.65,10.91,36.232,35.397,305.0,northeast
2024,,,202404085100050210,,,,,,,northeast
2024,35.465877,-74.91373,202404085100030211,2024-09-20,22.89,23.43,31.375,32.33,44.0,northeast
2024,,,202404016300040213,,,,,,,northeast
2024,35.59275,-74.80324,202404016300030214,2024-09-20,22.89,15.61,31.764,35.498,115.0,northeast
2024,,,202404016400040216,,,,,,,northeast
2024,35.650612,-74.79693,202404016400010217,2024-09-20,,,,,199.0,northeast
2024,35.750777,-74.844333,202404016300020219,2024-09-20,,,,,150.0,northeast
2024,35.91231,-74.88396,202404016200030221,2024-09-20,23.0,10.93,32.94,32.962,91.0,northeast
2024,35.987363,-74.803363,202404016300010223,2024-09-20,22.96,12.23,33.162,35.543,172.0,northeast
2024,36.024753,-74.845585,202404016200010225,2024-09-21,23.63,11.07,33.519,33.21,100.0,northeast
2024,36.106963,-74.846935,202404016200020227,2024-09-21,22.34,9.7,33.011,32.571,98.0,northeast
2024,36.05206,-74.789953,202404016400030229,2024-09-21,23.19,11.3,33.362,35.427,215.0,northeast
2024,36.213757,-74.769977,202404016400020231,2024-09-21,,,,,252.0,northeast
2024,35.9384,-75.366045,202404034100020233,2024-09-21,22.5,22.22,31.131,31.213,27.0,northeast
2024,36.045645,-75.494998,202404034100040235,2024-09-21,22.66,22.24,30.866,30.943,26.0,northeast
2024,36.118578,-75.639892,202404034100050237,2024-09-21,22.6,22.41,30.186,30.688,23.0,northeast
2024,36.318507,-75.54655,202404034100030240,2024-09-21,22.61,22.1,30.946,31.025,26.0,northeast
2024,36.425045,-75.59333,202404034100010243,2024-09-21,22.59,22.08,31.085,31.089,25.0,northeast
2024,36.69416,-75.687663,202404033800030245,2024-09-21,22.62,22.2,30.863,30.885,22.0,northeast
2024,39.840702,-73.586688,202404010100060247,2024-09-22,21.05,19.19,31.829,31.669,35.0,northeast
2024,39.766145,-73.917757,202404031700010249,2024-09-22,20.98,21.08,31.24,31.325,25.0,northeast
2024,39.903463,-73.843377,202404031700020251,2024-09-22,21.15,20.74,30.509,31.066,27.0,northeast
2024,40.05752,-73.947705,202404031700030253,2024-09-23,20.96,20.97,31.254,31.287,23.0,northeast
2024,40.232883,-73.852673,202404031400020255,2024-09-23,21.08,21.08,31.142,31.147,27.0,northeast
2024,40.323742,-73.890118,202404031400030257,2024-09-23,21.27,21.3,30.277,30.792,23.0,northeast
2024,40.295785,-73.766168,202404010100070259,2024-09-23,,,,,31.0,northeast
2024,40.342672,-73.681088,202404031400010261,2024-09-23,20.52,20.51,31.502,31.509,27.0,northeast
2024,40.320307,-73.646295,202404031100020263,2024-09-23,20.69,20.69,31.83,31.831,25.0,northeast
2024,40.360872,-73.574377,202404031100010265,2024-09-23,20.66,20.65,31.487,31.494,26.0,northeast
2024,40.413147,-73.350747,202404010100030267,2024-09-23,20.24,20.54,31.445,31.672,32.0,northeast
2024,40.555258,-73.22952,202404031100030269,2024-09-23,20.57,20.52,31.13,31.135,24.0,northeast
2024,40.555583,-73.164548,202404030800010271,2024-09-23,20.1,20.08,31.171,31.179,27.0,northeast
2024,40.549523,-73.078873,202404030800020273,2024-09-23,19.95,19.98,31.145,31.151,28.0,northeast
2024,40.653258,-72.924728,202404030800030275,2024-09-23,19.76,19.5,30.984,31.375,26.0,northeast
2024,40.217222,-73.187328,202404010100010277,2024-09-23,19.9,12.15,31.991,31.737,42.0,northeast
2024,40.20765,-73.017763,202404010100040279,2024-09-24,19.56,12.43,32.17,31.835,45.0,northeast
2024,40.455497,-72.553063,202404010100050281,2024-09-24,19.04,16.3,32.729,32.424,45.0,northeast
2024,,,202404030500040283,,,,,,,northeast
2024,40.854227,-72.262882,202404030500010284,2024-09-24,18.72,18.75,31.434,31.453,28.0,northeast
2024,40.873462,-72.24551,202404030500030286,2024-09-24,18.6,18.6,31.323,31.323,27.0,northeast
2024,40.893607,-72.149705,202404030500020288,2024-09-24,18.4,18.33,31.52,31.714,30.0,northeast
2024,40.881615,-72.094697,202404010500050290,2024-09-24,18.48,17.94,31.602,32.127,35.0,northeast
2024,40.85373,-71.889692,202404010500040292,2024-09-24,17.52,17.6,32.061,32.349,41.0,northeast
2024,40.96141,-71.9356,202404030200010294,2024-09-24,18.5,18.27,31.29,31.601,28.0,northeast
2024,41.095032,-71.66539,202404030200020296,2024-09-24,17.81,16.96,31.734,32.024,32.0,northeast
2024,41.106042,-71.629932,202404030200030298,2024-09-24,17.09,17.01,31.913,31.958,26.0,northeast
2024,41.129107,-71.526245,202404034500020300,2024-09-24,17.94,17.2,31.67,31.855,30.0,northeast
2024,41.306762,-71.40609,202404010500030305,2024-10-02,18.26,18.0,31.701,31.687,35.0,northeast
2024,41.385618,-71.234338,202404034500010307,2024-10-02,18.09,17.89,31.642,31.641,27.0,northeast
2024,41.391745,-71.147982,202404034500030309,2024-10-02,18.12,17.98,31.597,31.599,24.0,northeast
2024,41.308272,-70.978568,202404010500010311,2024-10-02,17.97,17.48,31.636,31.96,34.0,northeast
2024,41.341243,-70.91919,202404034600020313,2024-10-02,18.01,17.62,31.574,31.705,33.0,northeast
2024,41.255035,-70.758203,202404034600010315,2024-10-03,17.89,17.82,31.56,31.721,26.0,northeast
2024,41.166037,-70.65626,202404010900040317,2024-10-03,17.29,17.31,31.814,32.087,35.0,northeast
2024,41.233493,-70.498545,202404010900050319,2024-10-03,17.64,17.0,31.577,32.084,34.0,northeast
2024,41.091793,-70.211827,202404034600030321,2024-10-03,17.06,17.06,31.597,31.704,27.0,northeast
2024,40.890337,-70.072112,202404034600040323,2024-10-03,15.83,15.58,31.527,31.527,28.0,northeast
2024,40.853112,-69.734657,202404010900030325,2024-10-03,,,,,41.0,northeast
2024,40.719652,-69.936762,202404010900020327,2024-10-03,17.12,16.23,31.653,31.95,43.0,northeast
2024,40.756297,-70.374235,202404010900010329,2024-10-03,17.05,16.62,32.011,32.736,49.0,northeast
2024,40.6459,-70.795368,202404010600030331,2024-10-04,17.63,13.9,32.556,33.005,65.0,northeast
2024,40.584888,-71.017718,202404010600060333,2024-10-04,17.45,13.61,32.475,32.855,72.0,northeast
2024,40.741492,-71.080923,202404010600070335,2024-10-04,17.37,16.93,32.323,32.695,60.0,northeast
2024,40.78485,-71.30858,202404010600010337,2024-10-04,18.27,17.45,32.843,33.06,61.0,northeast
2024,40.949503,-71.38679,202404010500020339,2024-10-04,18.24,18.07,32.712,33.111,52.0,northeast
2024,40.927098,-71.441207,202404010600050341,2024-10-04,18.73,14.11,32.741,32.55,59.0,northeast
2024,40.490442,-71.44144,202404010600080343,2024-10-04,23.55,12.88,35.107,33.097,71.0,northeast
2024,40.35127,-71.407438,202404010600020345,2024-10-04,23.39,12.97,35.132,33.499,80.0,northeast
2024,40.213375,-71.553902,202404010600040347,2024-10-05,20.84,14.24,34.054,35.193,87.0,northeast
2024,39.978375,-72.069217,202404010200040349,2024-10-05,22.13,14.06,34.694,34.285,81.0,northeast
2024,39.998023,-72.505242,202404010200060351,2024-10-05,19.05,12.53,33.191,32.51,66.0,northeast
2024,40.212043,-72.516763,202404010200050353,2024-10-05,18.88,13.34,32.663,32.709,61.0,northeast
2024,40.137477,-72.618625,202404010200070355,2024-10-05,18.87,11.84,32.516,32.123,57.0,northeast
2024,39.845957,-72.703728,202404010200080357,2024-10-05,20.16,13.89,33.842,32.867,60.0,northeast
2024,39.65623,-72.854163,202404010200010359,2024-10-05,19.24,12.44,33.193,32.567,69.0,northeast
2024,39.57175,-73.094748,202404010100020361,2024-10-05,19.89,17.37,33.704,33.455,46.0,northeast
2024,39.384267,-73.065398,202404017400010363,2024-10-06,20.67,12.73,34.098,32.69,67.0,northeast
2024,39.185525,-72.597515,202404010300030365,2024-10-06,21.78,13.59,34.498,35.646,138.0,northeast
2024,39.298563,-72.296448,202404010400030367,2024-10-06,22.62,10.56,34.621,35.351,272.0,northeast
2024,39.37275,-72.390952,202404010300010369,2024-10-06,22.25,13.77,34.511,35.625,142.0,northeast
2024,39.489095,-72.35169,202404010400020371,2024-10-06,,,,,208.0,northeast
2024,39.556187,-72.551632,202404010200020373,2024-10-06,20.5,13.22,34.064,34.098,88.0,northeast
2024,39.677983,-72.572543,202404010200030374,2024-10-06,21.83,13.08,34.478,35.077,76.0,northeast
2024,39.661087,-72.294653,202404010300020378,2024-10-06,22.74,13.05,34.654,35.252,117.0,northeast
2024,39.524852,-72.204913,202404010300040380,2024-10-06,,,,,152.0,northeast
2024,39.79316,-71.820965,202404010400010382,2024-10-07,23.64,13.59,34.569,35.767,244.0,northeast
2024,39.925463,-71.614845,202404010700040384,2024-10-07,24.02,17.31,35.114,36.184,141.0,northeast
2024,39.930485,-71.508187,202404010800030386,2024-10-07,25.08,14.81,35.606,35.898,197.0,northeast
2024,39.997278,-71.142208,202404010800020388,2024-10-07,24.78,9.36,35.926,35.226,302.0,northeast
2024,40.13462,-71.112293,202404010700030390,2024-10-07,25.03,14.79,35.765,35.803,149.0,northeast
2024,40.230007,-70.84327,202404010700010392,2024-10-07,24.71,13.72,35.717,35.348,126.0,northeast
2024,40.376912,-70.542135,202404011000010394,2024-10-07,19.19,13.49,33.27,33.988,87.0,northeast
2024,40.068093,-70.753995,202404010700020396,2024-10-07,,,,,140.0,northeast
2024,39.989132,-70.561503,202404010800010398,2024-10-08,,,,,284.0,northeast
2024,39.982892,-70.427922,202404011200010400,2024-10-08,,,,,304.0,northeast
2024,40.022447,-70.335548,202404011200020402,2024-10-08,19.41,12.56,33.405,35.622,226.0,northeast
2024,40.164878,-70.318632,202404011100030404,2024-10-08,17.91,14.24,32.139,35.577,116.0,northeast
2024,40.183433,-70.047983,202404011000020406,2024-10-08,22.14,14.31,34.764,35.111,103.0,northeast
2024,39.991372,-69.645388,202404011100010408,2024-10-08,,,,,134.0,northeast
2024,39.981367,-69.336685,202404011100040410,2024-10-08,17.92,12.41,32.185,34.67,122.0,northeast
2024,40.026222,-69.14873,202404011200030412,2024-10-08,,,,,189.0,northeast
2024,40.085612,-69.178995,202404011100020414,2024-10-08,17.06,12.02,31.917,35.11,129.0,northeast
2024,40.116137,-69.300493,202404011000090416,2024-10-08,17.18,11.84,31.963,33.659,101.0,northeast
2024,40.193723,-69.29197,202404011000070418,2024-10-09,17.16,9.97,31.97,33.132,95.0,northeast
2024,40.532313,-69.46003,202404011000040420,2024-10-09,17.65,12.92,32.028,32.224,60.0,northeast
2024,,,202404011000100422,,,,,,,northeast
2024,40.456028,-68.965888,202404011000050423,2024-10-09,16.37,11.72,31.894,32.312,78.0,northeast
2024,40.517087,-68.888255,202404011000060425,2024-10-09,16.38,11.63,31.867,32.304,73.0,northeast
2024,40.240815,-68.600862,202404011400030427,2024-10-09,17.54,8.09,32.306,33.91,145.0,northeast
2024,40.383587,-68.072652,202404011400040429,2024-10-09,16.78,8.26,32.22,34.202,147.0,northeast
2024,40.399547,-67.999603,202404011400020431,2024-10-09,17.42,7.68,32.281,34.084,143.0,northeast
2024,40.314077,-67.94376,202404011500040433,2024-10-09,,,,,195.0,northeast
2024,40.313952,-67.940598,202404011500030434,2024-10-10,,,,,196.0,northeast
2024,40.358448,-67.72319,202404011500010436,2024-10-10,17.75,8.81,32.255,34.778,228.0,northeast
2024,40.587475,-67.754792,202404011300040438,2024-10-10,17.56,8.07,32.045,32.851,92.0,northeast
2024,40.50395,-67.34831,202404011400010440,2024-10-10,17.77,7.49,32.243,34.056,145.0,northeast
2024,40.608577,-67.417117,202404011300010442,2024-10-10,17.57,6.85,32.102,33.31,100.0,northeast
2024,40.892473,-67.141273,202404011300070444,2024-10-10,17.08,7.48,32.067,32.753,87.0,northeast
2024,40.866062,-66.94452,202404011300020446,2024-10-10,16.07,6.74,31.793,33.044,92.0,northeast
2024,40.721078,-66.845238,202404011500020448,2024-10-10,17.85,8.56,32.244,34.532,198.0,northeast
2024,40.819918,-66.697865,202404011800030450,2024-10-10,17.39,8.62,32.156,34.814,196.0,northeast
2024,40.955593,-66.720675,202404011600080452,2024-10-11,16.94,6.9,32.115,32.933,91.0,northeast
2024,40.959938,-66.555453,202404011700040454,2024-10-11,17.83,8.16,32.297,34.327,117.0,northeast
2024,41.088878,-66.370758,202404011800040456,2024-10-11,,,,,284.0,northeast
2024,41.150938,-66.366108,202404011700030458,2024-10-11,15.63,8.06,31.712,34.297,119.0,northeast
2024,41.174285,-66.675857,202404011600100459,2024-10-11,15.74,8.96,31.865,32.489,81.0,northeast
2024,41.274203,-66.86468,202404011600090462,2024-10-11,16.06,11.24,31.882,32.274,71.0,northeast
2024,41.107528,-66.914805,202404011600140464,2024-10-11,16.05,9.64,31.019,32.431,72.0,northeast
2024,,,202404011600150466,,,,,,,northeast
2024,41.205807,-67.036417,202404011600120467,2024-10-12,14.96,10.95,32.009,32.296,67.0,northeast
2024,41.14823,-67.244325,202404011600110469,2024-10-12,14.12,11.84,32.05,32.227,60.0,northeast
2024,41.126157,-67.312473,202404011300100471,2024-10-12,14.04,11.26,32.058,32.273,61.0,northeast
2024,40.931028,-67.725557,202404011300080473,2024-10-12,14.82,12.53,32.004,32.2,64.0,northeast
2024,40.95803,-67.812073,202404011300050475,2024-10-12,15.32,13.54,31.955,32.115,58.0,northeast
2024,40.963045,-67.878432,202404011900040477,2024-10-12,15.75,13.97,31.922,32.084,57.0,northeast
2024,41.23449,-68.249523,202404011900020479,2024-10-12,16.65,16.64,31.714,31.733,50.0,northeast
2024,41.020512,-68.396788,202404011900050481,2024-10-12,16.56,16.57,31.81,31.811,48.0,northeast
2024,41.041062,-68.508893,202404011900010483,2024-10-12,,,,,52.0,northeast
2024,40.869993,-68.652397,202404011900030485,2024-10-12,15.91,15.83,31.91,31.939,60.0,northeast
2024,40.678245,-68.720057,202404011300090487,2024-10-13,16.08,12.32,31.9,32.249,66.0,northeast
2024,40.723,-68.983622,202404011000030489,2024-10-13,16.05,11.28,31.931,32.417,69.0,northeast
2024,40.874088,-69.081835,202404011000080491,2024-10-13,14.84,12.56,31.803,32.236,72.0,northeast
2024,40.871063,-68.865062,202404011300110493,2024-10-13,16.18,15.42,31.914,31.961,69.0,northeast
2024,40.868503,-68.867195,202404011300030494,2024-10-13,16.18,15.42,31.914,31.961,69.0,northeast
2024,40.936748,-68.793397,202404011300060496,2024-10-13,16.3,15.41,31.926,31.974,72.0,northeast
2024,41.036327,-68.774892,202404012300040497,2024-10-13,15.62,15.38,31.965,31.969,66.0,northeast
2024,41.13436,-68.826315,202404012300060500,2024-10-13,15.23,13.89,31.993,32.06,79.0,northeast
2024,41.227833,-68.880847,202404012300030502,2024-10-13,15.33,8.88,31.78,32.451,99.0,northeast
2024,41.067633,-69.019882,202404012300010505,2024-10-14,15.41,10.67,31.961,32.262,89.0,northeast
2024,41.121848,-69.228462,202404012500010507,2024-10-14,15.85,9.61,31.663,32.374,54.0,northeast
2024,41.47258,-69.546158,202404012500040509,2024-10-14,14.74,14.74,31.758,31.782,36.0,northeast
2024,41.388325,-69.487542,202404012500080511,2024-10-14,14.88,14.67,31.729,31.761,36.0,northeast
2024,41.386075,-69.480065,202404012500070512,2024-10-14,14.88,14.67,31.729,31.761,36.0,northeast
2024,41.48566,-69.430788,202404012500030514,2024-10-14,15.68,10.11,31.82,32.294,52.0,northeast
2024,41.608693,-69.676367,202404012500020516,2024-10-14,15.0,11.39,31.812,32.02,49.0,northeast
2024,41.707398,-69.64897,202404012400070518,2024-10-14,15.23,7.47,31.823,33.064,125.0,northeast
2024,41.759983,-69.752695,202404012300020520,2024-10-15,15.23,8.04,31.821,32.742,110.0,northeast
2024,41.78751,-69.890675,202404035600030522,2024-10-15,14.51,14.05,31.695,31.76,25.0,northeast
2024,41.924957,-69.937422,202404035600010524,2024-10-15,14.51,14.52,31.534,31.661,28.0,northeast
2024,41.866992,-69.857135,202404012500060526,2024-10-15,14.39,11.06,31.729,32.11,57.0,northeast
2024,41.868978,-69.321082,202404012800030528,2024-10-15,15.44,7.71,31.735,34.004,199.0,northeast
2024,41.752958,-69.079523,202404012400060530,2024-10-15,15.51,7.34,31.807,33.553,177.0,northeast
2024,41.63446,-69.238292,202404012400020532,2024-10-15,15.35,7.36,31.789,33.564,181.0,northeast
2024,41.610603,-68.483835,202404012300050534,2024-10-15,15.16,7.48,31.816,32.75,105.0,northeast
2024,41.510067,-68.331298,202404012000040536,2024-10-16,15.41,15.42,31.944,31.944,51.0,northeast
2024,,,202404012000020539,,,,,,,northeast
2024,,,202404011900100541,,,,,,,northeast
2024,41.295677,-67.449128,202404011900080543,2024-10-17,16.21,16.23,31.863,31.863,45.0,northeast
2024,41.382755,-67.47115,202404011900070544,2024-10-17,15.73,15.74,31.875,31.873,44.0,northeast
2024,41.863933,-67.753427,202404012000030547,2024-10-17,14.84,14.85,31.902,31.903,39.0,northeast
2024,41.858788,-67.81854,202404012000010549,2024-10-17,14.68,14.67,31.898,31.9,41.0,northeast
2024,41.837732,-67.919955,202404012000070551,2024-10-17,14.78,14.71,31.916,31.916,52.0,northeast
2024,41.908602,-68.14592,202404012200010553,2024-10-17,14.88,8.27,31.796,34.7,193.0,northeast
2024,42.017603,-67.747287,202404012100010555,2024-10-17,14.48,7.46,31.896,32.77,98.0,northeast
2024,42.010228,-67.539378,202404012000050557,2024-10-17,14.79,14.69,31.924,31.931,45.0,northeast
2024,42.113928,-67.478782,202404012100040559,2024-10-17,14.17,8.01,31.949,34.804,159.0,northeast
2024,42.572895,-67.925898,202404012900090561,2024-10-18,13.86,8.46,31.905,34.649,222.0,northeast
2024,42.360633,-68.286562,202404012900070563,2024-10-18,13.86,8.17,31.891,34.611,200.0,northeast
2024,42.404213,-68.348828,202404012900030565,2024-10-18,13.89,8.2,31.937,34.655,208.0,northeast
2024,42.60843,-68.549098,202404012800020567,2024-10-18,14.32,8.2,31.988,34.364,209.0,northeast
2024,42.755655,-68.412093,202404012900110569,2024-10-18,13.36,8.13,32.145,34.222,199.0,northeast
2024,43.142118,-68.481338,202404013600090571,2024-10-19,12.78,7.92,32.236,33.947,206.0,northeast
2024,43.429083,-68.419608,202404013800040573,2024-10-19,13.49,7.86,32.087,33.969,187.0,northeast
2024,43.558315,-68.11237,202404013600080575,2024-10-19,12.45,8.16,32.262,34.204,194.0,northeast
2024,43.682287,-68.434422,202404013800030577,2024-10-19,12.18,7.74,32.038,33.867,182.0,northeast
2024,43.741518,-68.52373,202404013800050579,2024-10-19,12.24,8.31,32.023,33.515,148.0,northeast
2024,43.263333,-68.655943,202404013700050581,2024-10-19,12.26,7.86,32.178,33.85,168.0,northeast
2024,43.203975,-68.810355,202404013700020583,2024-10-19,11.98,7.95,32.225,33.662,172.0,northeast
2024,43.186028,-69.126625,202404013700040585,2024-10-20,12.46,7.35,32.273,33.442,192.0,northeast
2024,43.09885,-68.92818,202404013700010587,2024-10-20,13.24,7.92,32.161,33.913,173.0,northeast
2024,42.979287,-69.055007,202404013700070589,2024-10-20,13.85,7.6,32.079,33.651,180.0,northeast
2024,42.585962,-69.179338,202404012800040591,2024-10-20,13.92,7.8,32.054,34.065,214.0,northeast
2024,42.447673,-68.99913,202404012800070593,2024-10-20,14.74,7.98,31.858,34.167,227.0,northeast
2024,42.289738,-68.845905,202404012400080595,2024-10-20,14.88,7.55,31.838,33.749,209.0,northeast
2024,42.183907,-68.788945,202404012400040597,2024-10-20,14.66,7.63,31.852,33.808,198.0,northeast
2024,41.943522,-68.740472,202404012400050599,2024-10-20,14.24,7.24,31.87,33.445,146.0,northeast
2024,42.024048,-69.001562,202404012400010601,2024-10-21,14.1,7.06,31.889,33.293,136.0,northeast
2024,42.111,-69.200573,202404012400030603,2024-10-21,14.51,7.57,31.874,33.791,191.0,northeast
2024,42.14217,-69.291255,202404012800010605,2024-10-21,14.59,7.64,31.793,33.863,197.0,northeast
2024,42.334452,-69.368375,202404012800080607,2024-10-21,14.28,7.99,31.942,34.329,227.0,northeast
2024,42.383293,-67.935727,202404012900080609,2024-10-29,13.55,8.28,31.954,34.54,179.0,northeast
2024,42.208747,-67.818432,202404012900050611,2024-10-29,13.61,7.91,31.952,34.59,237.0,northeast
2024,42.200473,-67.660683,202404012200040613,2024-10-29,13.59,7.96,31.986,34.7,203.0,northeast
2024,42.057195,-67.275262,202404012000060615,2024-10-29,13.71,12.82,32.052,32.142,48.0,northeast
2024,42.114325,-67.021042,202404012100020617,2024-10-29,12.84,9.9,32.075,32.346,63.0,northeast
2024,42.140693,-66.804663,202404012100030619,2024-10-29,12.08,8.01,31.944,32.737,85.0,northeast
2024,41.889327,-67.05075,202404011900090621,2024-10-29,13.65,13.6,32.032,32.035,59.0,northeast
2024,41.775173,-67.326322,202404011900060623,2024-10-30,14.1,14.09,31.989,31.993,54.0,northeast
2024,41.507072,-66.569592,202404011600130625,2024-10-30,12.47,10.98,32.02,32.359,86.0,northeast
2024,41.61399,-66.614187,202404011600020627,2024-10-30,12.14,12.03,31.983,32.182,79.0,northeast
2024,41.592687,-66.49948,202404011600030629,2024-10-30,12.3,9.79,31.994,32.585,82.0,northeast
2024,41.411872,-66.380387,202404011600070631,2024-10-30,13.75,8.61,31.974,32.932,96.0,northeast
2024,41.29244,-66.2303,202404011700010633,2024-10-30,14.4,7.77,32.339,34.055,146.0,northeast
2024,41.655415,-66.119615,202404011600050635,2024-10-30,13.61,7.97,31.769,33.088,99.0,northeast
2024,41.700497,-66.342273,202404011600040637,2024-10-30,12.15,9.63,31.994,32.6,84.0,northeast
2024,41.839163,-66.305728,202404011600060639,2024-10-31,12.54,10.21,32.076,32.408,83.0,northeast
2024,41.914365,-66.082093,202404011600010641,2024-10-31,12.34,7.84,31.864,33.046,94.0,northeast
2024,41.873485,-65.779363,202404011700020643,2024-10-31,14.09,7.99,31.98,34.638,153.0,northeast
2024,41.854553,-65.73895,202404011800050645,2024-10-31,,,,,239.0,northeast
2024,41.857768,-65.7393,202404011800010646,2024-10-31,,,,,252.0,northeast
2024,41.960555,-65.763118,202404011800060648,2024-10-31,13.78,7.87,31.814,34.669,235.0,northeast
2024,42.020012,-65.878195,202404011800020650,2024-10-31,13.92,7.85,31.859,34.69,198.0,northeast
2024,42.145627,-65.855835,202404012900100653,2024-10-31,13.59,5.82,31.829,34.86,247.0,northeast
2024,42.300948,-65.768222,202404012900010655,2024-10-31,12.69,6.65,31.707,34.787,210.0,northeast
2024,42.323533,-65.83677,202404012900040657,2024-11-01,12.5,6.76,31.681,34.76,203.0,northeast
2024,42.120057,-66.060318,202404012200020659,2024-11-01,12.4,7.91,31.805,34.627,198.0,northeast
2024,42.160303,-66.199637,202404012200030661,2024-11-01,12.59,7.76,31.778,34.708,202.0,northeast
2024,42.286542,-66.163545,202404012900060663,2024-11-01,12.58,7.71,31.918,34.735,240.0,northeast
2024,42.452705,-66.571008,202404013000020666,2024-11-01,12.31,7.59,32.097,34.774,294.0,northeast
2024,42.476855,-66.78624,202404013000010667,2024-11-01,12.43,7.56,32.021,34.852,320.0,northeast
2024,42.605188,-67.113173,202404013000030670,2024-11-01,12.52,7.92,32.161,34.804,294.0,northeast
2024,42.813622,-67.276947,202404013600060672,2024-11-01,12.96,8.12,31.995,34.466,211.0,northeast
2024,42.760922,-67.426213,202404012900020674,2024-11-02,13.16,8.0,31.997,34.614,231.0,northeast
2024,42.890547,-67.638267,202404013600100677,2024-11-02,13.27,8.19,31.979,34.257,221.0,northeast
2024,42.866062,-67.874047,202404013600120679,2024-11-02,13.45,8.29,32.007,34.379,217.0,northeast
2024,43.04733,-67.634925,202404013600010681,2024-11-02,13.33,8.22,31.988,34.227,193.0,northeast
2024,43.07219,-67.443918,202404013600110683,2024-11-02,13.16,8.23,32.009,34.269,204.0,northeast
2024,43.250057,-67.610462,202404013600050685,2024-11-02,13.03,8.12,32.009,34.138,227.0,northeast
2024,43.371497,-67.121683,202404013600070687,2024-11-02,11.95,8.3,32.264,34.27,242.0,northeast
2024,43.253857,-67.111407,202404013600040689,2024-11-03,12.57,8.23,32.138,34.181,225.0,northeast
2024,43.209232,-67.021995,202404013600020691,2024-11-03,12.52,8.25,32.102,34.199,190.0,northeast
2024,43.251522,-66.784243,202404013400060693,2024-11-03,10.94,8.33,32.508,33.729,140.0,northeast
2024,43.137502,-66.633442,202404013400020695,2024-11-03,9.96,9.15,32.709,33.259,134.0,northeast
2024,43.374775,-66.698458,202404013400050697,2024-11-03,11.19,8.55,32.434,33.563,125.0,northeast
2024,43.601477,-67.115738,202404013400030699,2024-11-03,11.42,8.3,32.344,34.244,192.0,northeast
2024,43.921032,-67.201213,202404013400010701,2024-11-03,10.47,8.57,32.665,33.894,145.0,northeast
2024,43.934838,-67.089953,202404013400070703,2024-11-03,10.7,8.63,32.551,33.865,160.0,northeast
2024,43.971542,-66.960887,202404013400040705,2024-11-03,10.48,8.18,32.598,33.957,170.0,northeast
2024,44.117682,-67.011975,202404013510010707,2024-11-04,10.09,8.99,32.846,33.637,155.0,northeast
2024,44.135277,-66.876563,202404013510040709,2024-11-04,10.74,8.25,32.497,33.934,175.0,northeast
2024,44.304212,-66.920357,202404013510020711,2024-11-04,10.24,8.67,32.617,33.759,167.0,northeast
2024,44.360132,-67.20312,202404013510030713,2024-11-04,,,,,161.0,northeast
2024,44.269178,-67.648868,202404013900050715,2024-11-04,10.43,9.79,32.806,33.236,99.0,northeast
2024,44.238402,-67.664143,202404013800020717,2024-11-04,10.37,9.82,32.812,33.217,105.0,northeast
2024,44.088035,-67.88329,202404013900040719,2024-11-04,10.22,9.78,32.849,33.222,102.0,northeast
2024,44.020618,-68.16579,202404013800080722,2024-11-05,10.65,8.84,32.605,33.512,107.0,northeast
2024,43.834867,-67.809187,202404013600030724,2024-11-05,10.95,8.28,32.463,34.249,213.0,northeast
2024,43.865902,-68.428335,202404013900090726,2024-11-05,10.93,9.22,32.467,33.401,121.0,northeast
2024,43.648002,-68.914745,202404013900080728,2024-11-05,11.22,9.21,32.473,33.136,117.0,northeast
2024,43.767477,-69.211768,202404014000020730,2024-11-06,,,,,91.0,northeast
2024,43.713928,-69.515183,202404014000010732,2024-11-06,10.97,9.1,32.108,33.129,110.0,northeast
2024,43.412628,-69.378732,202404013800070734,2024-11-06,11.8,7.44,32.317,33.42,175.0,northeast
2024,43.458647,-69.760188,202404013800060736,2024-11-06,11.7,8.21,32.325,33.272,136.0,northeast
2024,43.310292,-69.702613,202404013800010738,2024-11-06,11.61,7.5,32.319,33.647,165.0,northeast
2024,43.242298,-69.353708,202404013700060740,2024-11-06,12.01,7.5,32.331,33.43,167.0,northeast
2024,43.121337,-69.489973,202404013700030742,2024-11-07,11.76,7.56,32.364,33.329,133.0,northeast
2024,42.981647,-70.089837,202404012700020744,2024-11-07,,,,,133.0,northeast
2024,43.007777,-70.330745,202404012700030746,2024-11-07,12.19,8.06,32.187,33.209,130.0,northeast
2024,42.920633,-70.35123,202404012700050748,2024-11-07,12.16,7.9,32.204,33.156,136.0,northeast
2024,42.824843,-70.633305,202404014000030750,2024-11-07,12.08,8.27,32.08,32.668,80.0,northeast
2024,42.714042,-70.553228,202404036600010752,2024-11-07,12.22,7.86,32.131,32.612,80.0,northeast
2024,42.595483,-70.56626,202404036500030754,2024-11-07,12.24,10.55,32.15,32.631,53.0,northeast
2024,42.575548,-70.582818,202404036600030756,2024-11-07,11.94,10.43,32.155,32.593,59.0,northeast
2024,42.612173,-70.389537,202404012600080758,2024-11-08,12.17,9.6,32.171,32.879,83.0,northeast
2024,42.615567,-70.385158,202404012600010759,2024-11-08,12.17,9.6,32.171,32.879,83.0,northeast
2024,42.655468,-70.180353,202404012600030761,2024-11-08,11.82,8.9,32.237,33.066,91.0,northeast
2024,42.754808,-70.11096,202404012700010763,2024-11-08,11.63,8.38,32.239,33.137,150.0,northeast
2024,42.58402,-69.938223,202404012700040765,2024-11-08,11.68,7.6,32.232,33.776,160.0,northeast
2024,42.33192,-69.376705,202404012800060767,2024-11-08,13.19,7.89,32.004,34.127,228.0,northeast
2024,42.287522,-69.828888,202404012800050768,2024-11-08,,,,,222.0,northeast
2024,42.17624,-70.28161,202404012600050771,2024-11-08,12.81,12.35,31.868,32.005,23.0,northeast
2024,42.382887,-70.822162,202404036400030773,2024-11-09,11.85,11.56,32.017,32.123,34.0,northeast
2024,42.29577,-70.657582,202404036500020775,2024-11-09,11.89,10.61,31.974,32.204,45.0,northeast
2024,42.271248,-70.674793,202404036400020777,2024-11-09,11.87,11.88,31.956,31.957,31.0,northeast
2024,42.241223,-70.598083,202404036500040779,2024-11-09,12.18,12.08,31.959,31.972,33.0,northeast
2024,,,202404036500050780,,,,,,,northeast
2024,42.218403,-70.562912,202404036500010781,2024-11-09,12.13,12.06,31.976,31.982,38.0,northeast
2024,42.202193,-70.489088,202404036600020784,2024-11-09,12.24,10.94,32.007,32.407,61.0,northeast
2024,42.208242,-70.586713,202404036400050786,2024-11-09,12.13,10.68,31.981,32.155,40.0,northeast
2024,41.990587,-70.530393,202404036000010788,2024-11-10,11.75,11.73,31.991,31.999,36.0,northeast
2024,41.85262,-70.429133,202404035900030790,2024-11-10,12.28,12.04,31.779,31.903,30.0,northeast
2024,41.813357,-70.346322,202404035900020792,2024-11-10,12.59,12.6,31.722,31.767,27.0,northeast
2024,41.878937,-70.188765,202404035900010794,2024-11-10,12.96,13.0,31.603,31.707,24.0,northeast
2024,41.951843,-70.260035,202404036000030796,2024-11-10,12.65,12.63,31.769,31.772,36.0,northeast
2024,41.983742,-70.192833,202404036000020797,2024-11-10,12.74,12.6,31.754,31.802,33.0,northeast
2024,42.009905,-70.277917,202404036100010800,2024-11-10,12.56,12.26,31.792,31.976,47.0,northeast
2024,42.065267,-70.065068,202404035600040803,2024-11-10,11.69,11.59,32.168,32.212,25.0,northeast
2024,,,202404036100040805,,,,,,,northeast
2024,42.06309,-70.020895,202404036100020807,2024-11-10,11.64,11.47,32.181,32.279,40.0,northeast
2024,42.111695,-70.04455,202404036100030808,2024-11-10,11.47,9.74,32.323,32.696,50.0,northeast
2024,42.137878,-70.016288,202404012600020810,2024-11-10,11.44,8.08,32.405,33.121,88.0,northeast
2024,42.355163,-70.252827,202404012600040812,2024-11-11,11.41,11.18,32.239,32.333,40.0,northeast
2024,42.287042,-70.36813,202404012600060814,2024-11-11,12.0,10.4,32.005,32.383,89.0,northeast
2024,42.278437,-70.455805,202404012600070816,2024-11-11,12.11,10.26,32.017,32.521,81.0,northeast
