latitude_dd,longitude_dd,Trawl_id,date_formatted,datetime_utc_iso,dates
38.67416667,-123.76555556,202403020103,2024-Jun-19,2024-06-19T00:00:00Z,2024-06-19
42.77361111,-124.73916667,202403017075,2024-Sep-06,2024-09-06T00:00:00Z,2024-09-06
41.17916667,-124.80694444,202403020088,2024-Jun-16,2024-06-16T00:00:00Z,2024-06-16
47.27166667,-124.6725,202403017029,2024-Aug-24,2024-08-24T00:00:00Z,2024-08-24
34.08333333,-120.19694444,202403008151,2024-Jun-30,2024-06-30T00:00:00Z,2024-06-30
44.20861111,-124.45972222,202403020067,2024-Jun-08,2024-06-08T00:00:00Z,2024-06-08
45.16666667,-124.63861111,202403008046,2024-Jun-01,2024-06-01T00:00:00Z,2024-06-01
41.76055556,-124.93138889,202403017082,2024-Sep-08,2024-09-08T00:00:00Z,2024-09-08
39.21277778,-124.04111111,202403008108,2024-Jun-18,2024-06-18T00:00:00Z,2024-06-18
44.48444444,-124.93027778,202403008056,2024-Jun-05,2024-06-05T00:00:00Z,2024-06-05
38.34222222,-123.4975,202403020107,2024-Jun-19,2024-06-19T00:00:00Z,2024-06-19
45.90555556,-124.14138889,202403010007,2024-Aug-19,2024-08-19T00:00:00Z,2024-08-19
48.24888889,-125.08722222,202403010026,2024-Aug-23,2024-08-23T00:00:00Z,2024-08-23
40.44888889,-124.57305556,202403008103,2024-Jun-16,2024-06-16T00:00:00Z,2024-06-16
44.67416667,-124.23194444,202403017040,2024-Aug-26,2024-08-26T00:00:00Z,2024-08-26
45.06416667,-124.82,202403017003,2024-Aug-18,2024-08-18T00:00:00Z,2024-08-18
44.97833333,-124.82138889,202403017002,2024-Aug-18,2024-08-18T00:00:00Z,2024-08-18
42.02055556,-124.50555556,202403020075,2024-Jun-14,2024-06-14T00:00:00Z,2024-06-14
37.30166667,-122.74,202403017114,2024-Sep-21,2024-09-21T00:00:00Z,2024-09-21
45.29388889,-124.33888889,202403017047,2024-Aug-31,2024-08-31T00:00:00Z,2024-08-31
45.79333333,-124.4875,202403020055,2024-Jun-06,2024-06-06T00:00:00Z,2024-06-06
33.79861111,-119.88722222,202403020145,2024-Jul-02,2024-07-02T00:00:00Z,2024-07-02
45.92972222,-124.37916667,202403020054,2024-Jun-06,2024-06-06T00:00:00Z,2024-06-06
41.3025,-124.86111111,202403017088,2024-Sep-14,2024-09-14T00:00:00Z,2024-09-14
34.19916667,-120.21416667,202403010130,2024-Oct-03,2024-10-03T00:00:00Z,2024-10-03
46.735,-124.86805556,202403020038,2024-May-27,2024-05-27T00:00:00Z,2024-05-27
46.92027778,-124.44194444,202403020033,2024-May-26,2024-05-26T00:00:00Z,2024-05-26
38.52638889,-123.4025,202403020108,2024-Jun-20,2024-06-20T00:00:00Z,2024-06-20
34.64222222,-120.84305556,202403017143,2024-Oct-01,2024-10-01T00:00:00Z,2024-10-01
40.17555556,-124.44527778,202403020095,2024-Jun-17,2024-06-17T00:00:00Z,2024-06-17
41.39916667,-124.19416667,202403017089,2024-Sep-15,2024-09-15T00:00:00Z,2024-09-15
43.25194444,-124.99777778,202403017068,2024-Sep-05,2024-09-05T00:00:00Z,2024-09-05
37.07472222,-122.81666667,202403017117,2024-Sep-21,2024-09-21T00:00:00Z,2024-09-21
37.26861111,-122.95805556,202403020117,2024-Jun-22,2024-06-22T00:00:00Z,2024-06-22
44.61472222,-124.82277778,202403008052,2024-Jun-02,2024-06-02T00:00:00Z,2024-06-02
42.23361111,-124.55638889,202403010068,2024-Sep-07,2024-09-07T00:00:00Z,2024-09-07
48.03972222,-125.16277778,202403020019,2024-May-23,2024-05-23T00:00:00Z,2024-05-23
41.11861111,-124.5575,202403020085,2024-Jun-15,2024-06-15T00:00:00Z,2024-06-15
43.15333333,-124.96361111,202403008078,2024-Jun-08,2024-06-08T00:00:00Z,2024-06-08
32.395,-118.52083333,202403020162,2024-Jul-10,2024-07-10T00:00:00Z,2024-07-10
42.65972222,-124.50222222,202403017077,2024-Sep-07,2024-09-07T00:00:00Z,2024-09-07
47.07638889,-124.93027778,202403008025,2024-May-24,2024-05-24T00:00:00Z,2024-05-24
39.87555556,-124.10805556,202403020098,2024-Jun-18,2024-06-18T00:00:00Z,2024-06-18
46.68916667,-124.36583333,202403020012,2024-May-21,2024-05-21T00:00:00Z,2024-05-21
41.88833333,-124.57166667,202403010075,2024-Sep-08,2024-09-08T00:00:00Z,2024-09-08
34.82888889,-121.20361111,202403020136,2024-Jun-30,2024-06-30T00:00:00Z,2024-06-30
48.17444444,-125.79194444,202403008020,2024-May-23,2024-05-23T00:00:00Z,2024-05-23
41.72,-124.35527778,202403010077,2024-Sep-14,2024-09-14T00:00:00Z,2024-09-14
46.71444444,-124.35527778,202403020013,2024-May-21,2024-05-21T00:00:00Z,2024-05-21
41.00916667,-124.39333333,202403008100,2024-Jun-16,2024-06-16T00:00:00Z,2024-06-16
41.46694444,-124.29222222,202403020083,2024-Jun-15,2024-06-15T00:00:00Z,2024-06-15
37.22638889,-123.15555556,202403008126,2024-Jun-20,2024-06-20T00:00:00Z,2024-06-20
34.71611111,-121.09305556,202403010124,2024-Oct-01,2024-10-01T00:00:00Z,2024-10-01
41.3675,-124.33388889,202403008097,2024-Jun-15,2024-06-15T00:00:00Z,2024-06-15
38.44222222,-123.37305556,202403008116,2024-Jun-19,2024-06-19T00:00:00Z,2024-06-19
38.70361111,-123.62916667,202403010091,2024-Sep-19,2024-09-19T00:00:00Z,2024-09-19
32.42611111,-119.24638889,202403008171,2024-Jul-11,2024-07-11T00:00:00Z,2024-07-11
41.84111111,-124.54055556,202403008092,2024-Jun-15,2024-06-15T00:00:00Z,2024-06-15
43.40722222,-124.45638889,202403020072,2024-Jun-09,2024-06-09T00:00:00Z,2024-06-09
45.76805556,-124.73944444,202403017011,2024-Aug-19,2024-08-19T00:00:00Z,2024-08-19
41.16916667,-124.29833333,202403010081,2024-Sep-14,2024-09-14T00:00:00Z,2024-09-14
41.50027778,-124.49638889,202403020081,2024-Jun-15,2024-06-15T00:00:00Z,2024-06-15
33.33972222,-118.06416667,202403017181,2024-Oct-15,2024-10-15T00:00:00Z,2024-10-15
32.9575,-119.40916667,202403017162,2024-Oct-10,2024-10-10T00:00:00Z,2024-10-10
46.78722222,-124.3325,202403017034,2024-Aug-24,2024-08-24T00:00:00Z,2024-08-24
33.7175,-119.04472222,202403020158,2024-Jul-09,2024-07-09T00:00:00Z,2024-07-09
39.51416667,-124.05111111,202403010087,2024-Sep-18,2024-09-18T00:00:00Z,2024-09-18
45.205,-124.80833333,202403010004,2024-Aug-18,2024-08-18T00:00:00Z,2024-08-18
46.82527778,-125.06972222,202403010012,2024-Aug-20,2024-08-20T00:00:00Z,2024-08-20
32.9225,-118.28194444,202403020166,2024-Jul-11,2024-07-11T00:00:00Z,2024-07-11
44.18305556,-124.95,202403008058,2024-Jun-05,2024-06-05T00:00:00Z,2024-06-05
35.61111111,-121.94722222,202403008134,2024-Jun-27,2024-06-27T00:00:00Z,2024-06-27
33.87055556,-118.46611111,202403020171,2024-Jul-13,2024-07-13T00:00:00Z,2024-07-13
45.02138889,-124.82972222,202403008047,2024-Jun-01,2024-06-01T00:00:00Z,2024-06-01
47.84138889,-125.12027778,202403017022,2024-Aug-22,2024-08-22T00:00:00Z,2024-08-22
45.95305556,-124.54916667,202403017053,2024-Sep-01,2024-09-01T00:00:00Z,2024-09-01
42.06027778,-124.71472222,202403017084,2024-Sep-08,2024-09-08T00:00:00Z,2024-09-08
47.24083333,-125.19138889,202403020029,2024-May-25,2024-05-25T00:00:00Z,2024-05-25
39.77638889,-124.055,202403020099,2024-Jun-18,2024-06-18T00:00:00Z,2024-06-18
47.90527778,-125.02416667,202403008014,2024-May-21,2024-05-21T00:00:00Z,2024-05-21
46.20777778,-124.75972222,202403020046,2024-Jun-02,2024-06-02T00:00:00Z,2024-06-02
34.17694444,-120.15833333,202403008150,2024-Jun-30,2024-06-30T00:00:00Z,2024-06-30
43.09444444,-124.81583333,202403010063,2024-Sep-06,2024-09-06T00:00:00Z,2024-09-06
34.27944444,-120.45527778,202403017150,2024-Oct-02,2024-10-02T00:00:00Z,2024-10-02
44.70611111,-124.76805556,202403020059,2024-Jun-07,2024-06-07T00:00:00Z,2024-06-07
36.19305556,-121.9875,202403008133,2024-Jun-27,2024-06-27T00:00:00Z,2024-06-27
35.2875,-121.13416667,202403008137,2024-Jun-28,2024-06-28T00:00:00Z,2024-06-28
37.17805556,-122.70222222,202403020118,2024-Jun-22,2024-06-22T00:00:00Z,2024-06-22
42.23305556,-124.95138889,202403017080,2024-Sep-07,2024-09-07T00:00:00Z,2024-09-07
41.76583333,-124.54388889,202403020079,2024-Jun-14,2024-06-14T00:00:00Z,2024-06-14
37.29694444,-123.14638889,202403008125,2024-Jun-20,2024-06-20T00:00:00Z,2024-06-20
40.16833333,-124.76694444,202403017095,2024-Sep-17,2024-09-17T00:00:00Z,2024-09-17
40.15083333,-124.64138889,202403008104,2024-Jun-17,2024-06-17T00:00:00Z,2024-06-17
45.36916667,-124.42333333,202403008042,2024-May-27,2024-05-27T00:00:00Z,2024-05-27
43.835,-124.45222222,202403010050,2024-Sep-03,2024-09-03T00:00:00Z,2024-09-03
32.42305556,-118.36805556,202403020163,2024-Jul-10,2024-07-10T00:00:00Z,2024-07-10
35.04694444,-121.07166667,202403020134,2024-Jun-29,2024-06-29T00:00:00Z,2024-06-29
40.8475,-124.50472222,202403017092,2024-Sep-15,2024-09-15T00:00:00Z,2024-09-15
47.80083333,-125.09888889,202403008011,2024-May-21,2024-05-21T00:00:00Z,2024-05-21
45.40444444,-124.785,202403010002,2024-Aug-18,2024-08-18T00:00:00Z,2024-08-18
35.26305556,-121.54555556,202403020130,2024-Jun-29,2024-06-29T00:00:00Z,2024-06-29
32.87472222,-119.32972222,202403017163,2024-Oct-10,2024-10-10T00:00:00Z,2024-10-10
44.46,-124.87,202403010043,2024-Sep-02,2024-09-02T00:00:00Z,2024-09-02
37.78444444,-122.90277778,202403010098,2024-Sep-20,2024-09-20T00:00:00Z,2024-09-20
32.53388889,-119.1575,202403008170,2024-Jul-11,2024-07-11T00:00:00Z,2024-07-11
47.33222222,-124.56722222,202403020026,2024-May-25,2024-05-25T00:00:00Z,2024-05-25
46.76,-124.9,202403020037,2024-May-27,2024-05-27T00:00:00Z,2024-05-27
43.41805556,-124.965,202403017067,2024-Sep-05,2024-09-05T00:00:00Z,2024-09-05
44.81055556,-124.85111111,202403010042,2024-Sep-01,2024-09-01T00:00:00Z,2024-09-01
44.50055556,-124.89027778,202403020002,2024-May-19,2024-05-19T00:00:00Z,2024-05-19
38.55833333,-123.70611111,202403020105,2024-Jun-19,2024-06-19T00:00:00Z,2024-06-19
33.18444444,-119.69638889,202403017160,2024-Oct-09,2024-10-09T00:00:00Z,2024-10-09
34.51194444,-120.72166667,202403010128,2024-Oct-02,2024-10-02T00:00:00Z,2024-10-02
37.45972222,-122.92138889,202403008124,2024-Jun-20,2024-06-20T00:00:00Z,2024-06-20
33.08527778,-117.36166667,202403010147,2024-Oct-14,2024-10-14T00:00:00Z,2024-10-14
41.43694444,-124.81638889,202403008096,2024-Jun-15,2024-06-15T00:00:00Z,2024-06-15
44.45722222,-124.34222222,202403008062,2024-Jun-06,2024-06-06T00:00:00Z,2024-06-06
34.30444444,-120.74666667,202403017147,2024-Oct-02,2024-10-02T00:00:00Z,2024-10-02
38.35416667,-123.3275,202403010094,2024-Sep-20,2024-09-20T00:00:00Z,2024-09-20
33.27138889,-119.74472222,202403020151,2024-Jul-03,2024-07-03T00:00:00Z,2024-07-03
32.48805556,-119.16555556,202403017170,2024-Oct-11,2024-10-11T00:00:00Z,2024-10-11
41.80527778,-124.47,202403008093,2024-Jun-15,2024-06-15T00:00:00Z,2024-06-15
48.08222222,-125.26611111,202403017025,2024-Aug-23,2024-08-23T00:00:00Z,2024-08-23
47.06444444,-124.5675,202403010015,2024-Aug-20,2024-08-20T00:00:00Z,2024-08-20
45.59777778,-124.465,202403008037,2024-May-26,2024-05-26T00:00:00Z,2024-05-26
36.96083333,-122.23361111,202403020119,2024-Jun-22,2024-06-22T00:00:00Z,2024-06-22
43.89388889,-124.91416667,202403008060,2024-Jun-05,2024-06-05T00:00:00Z,2024-06-05
38.55444444,-123.4675,202403017105,2024-Sep-19,2024-09-19T00:00:00Z,2024-09-19
32.88694444,-118.27833333,202403020165,2024-Jul-11,2024-07-11T00:00:00Z,2024-07-11
45.20888889,-124.09666667,202403010036,2024-Aug-31,2024-08-31T00:00:00Z,2024-08-31
46.38138889,-124.4825,202403017012,2024-Aug-20,2024-08-20T00:00:00Z,2024-08-20
34.53166667,-120.68861111,202403017145,2024-Oct-02,2024-10-02T00:00:00Z,2024-10-02
48.13055556,-125.50805556,202403020017,2024-May-23,2024-05-23T00:00:00Z,2024-05-23
47.22777778,-125.01388889,202403020027,2024-May-25,2024-05-25T00:00:00Z,2024-05-25
39.86305556,-123.99611111,202403010085,2024-Sep-18,2024-09-18T00:00:00Z,2024-09-18
39.65055556,-123.92222222,202403010086,2024-Sep-18,2024-09-18T00:00:00Z,2024-09-18
45.73916667,-124.52138889,202403008036,2024-May-26,2024-05-26T00:00:00Z,2024-05-26
46.89805556,-124.75111111,202403008009,2024-May-20,2024-05-20T00:00:00Z,2024-05-20
46.13138889,-124.27944444,202403020048,2024-Jun-05,2024-06-05T00:00:00Z,2024-06-05
38.81055556,-123.69083333,202403020102,2024-Jun-19,2024-06-19T00:00:00Z,2024-06-19
34.72972222,-121.1725,202403017140,2024-Oct-01,2024-10-01T00:00:00Z,2024-10-01
45.15888889,-124.68972222,202403017004,2024-Aug-18,2024-08-18T00:00:00Z,2024-08-18
43.82444444,-124.63083333,202403008069,2024-Jun-07,2024-06-07T00:00:00Z,2024-06-07
37.05777778,-122.7175,202403017118,2024-Sep-22,2024-09-22T00:00:00Z,2024-09-22
32.85083333,-117.76055556,202403017179,2024-Oct-14,2024-10-14T00:00:00Z,2024-10-14
44.36361111,-124.31944444,202403017058,2024-Sep-02,2024-09-02T00:00:00Z,2024-09-02
34.31361111,-120.24666667,202403020139,2024-Jun-30,2024-06-30T00:00:00Z,2024-06-30
43.18194444,-124.58194444,202403010061,2024-Sep-06,2024-09-06T00:00:00Z,2024-09-06
47.14916667,-124.97166667,202403008024,2024-May-24,2024-05-24T00:00:00Z,2024-05-24
48.11805556,-125.07444444,202403020022,2024-May-24,2024-05-24T00:00:00Z,2024-05-24
45.39083333,-124.53694444,202403017006,2024-Aug-19,2024-08-19T00:00:00Z,2024-08-19
32.735,-118.39972222,202403020164,2024-Jul-11,2024-07-11T00:00:00Z,2024-07-11
47.00166667,-124.89,202403010013,2024-Aug-20,2024-08-20T00:00:00Z,2024-08-20
46.93333333,-124.91555556,202403020034,2024-May-27,2024-05-27T00:00:00Z,2024-05-27
41.69611111,-124.31555556,202403010078,2024-Sep-14,2024-09-14T00:00:00Z,2024-09-14
44.70138889,-124.21222222,202403017039,2024-Aug-26,2024-08-26T00:00:00Z,2024-08-26
32.6175,-119.62611111,202403010143,2024-Oct-12,2024-10-12T00:00:00Z,2024-10-12
38.20666667,-123.30583333,202403008118,2024-Jun-19,2024-06-19T00:00:00Z,2024-06-19
32.86888889,-118.6875,202403017174,2024-Oct-12,2024-10-12T00:00:00Z,2024-10-12
43.4475,-124.89527778,202403010057,2024-Sep-04,2024-09-04T00:00:00Z,2024-09-04
34.13694444,-119.61916667,202403017157,2024-Oct-08,2024-10-08T00:00:00Z,2024-10-08
35.35222222,-121.22611111,202403010118,2024-Sep-30,2024-09-30T00:00:00Z,2024-09-30
47.00361111,-124.57555556,202403010014,2024-Aug-20,2024-08-20T00:00:00Z,2024-08-20
47.355,-124.92861111,202403020031,2024-May-26,2024-05-26T00:00:00Z,2024-05-26
40.54694444,-124.54555556,202403020089,2024-Jun-16,2024-06-16T00:00:00Z,2024-06-16
42.195,-124.45611111,202403010069,2024-Sep-07,2024-09-07T00:00:00Z,2024-09-07
39.12138889,-123.91833333,202403008110,2024-Jun-18,2024-06-18T00:00:00Z,2024-06-18
32.40333333,-118.97638889,202403017172,2024-Oct-11,2024-10-11T00:00:00Z,2024-10-11
32.74083333,-119.72333333,202403010142,2024-Oct-12,2024-10-12T00:00:00Z,2024-10-12
39.65,-123.8825,202403017097,2024-Sep-18,2024-09-18T00:00:00Z,2024-09-18
33.62555556,-120.40805556,202403020141,2024-Jul-01,2024-07-01T00:00:00Z,2024-07-01
45.10833333,-124.1125,202403010037,2024-Aug-31,2024-08-31T00:00:00Z,2024-08-31
32.63,-119.31833333,202403008169,2024-Jul-11,2024-07-11T00:00:00Z,2024-07-11
41.21138889,-124.23472222,202403020084,2024-Jun-15,2024-06-15T00:00:00Z,2024-06-15
45.43638889,-124.29888889,202403020007,2024-May-20,2024-05-20T00:00:00Z,2024-05-20
38.04583333,-123.13888889,202403020112,2024-Jun-20,2024-06-20T00:00:00Z,2024-06-20
44.67138889,-124.57222222,202403020004,2024-May-19,2024-05-19T00:00:00Z,2024-05-19
35.91166667,-121.88444444,202403017131,2024-Sep-28,2024-09-28T00:00:00Z,2024-09-28
45.23833333,-124.58111111,202403020045,2024-Jun-01,2024-06-01T00:00:00Z,2024-06-01
35.24083333,-121.60555556,202403020131,2024-Jun-29,2024-06-29T00:00:00Z,2024-06-29
34.49555556,-120.85388889,202403017144,2024-Oct-01,2024-10-01T00:00:00Z,2024-10-01
36.75944444,-121.88277778,202403010107,2024-Sep-26,2024-09-26T00:00:00Z,2024-09-26
35.17472222,-120.93138889,202403017135,2024-Sep-30,2024-09-30T00:00:00Z,2024-09-30
48.3225,-124.87444444,202403010025,2024-Aug-23,2024-08-23T00:00:00Z,2024-08-23
47.98888889,-125.1175,202403017024,2024-Aug-22,2024-08-22T00:00:00Z,2024-08-22
35.51444444,-121.72166667,202403008135,2024-Jun-27,2024-06-27T00:00:00Z,2024-06-27
44.325,-125.13055556,202403020001,2024-May-19,2024-05-19T00:00:00Z,2024-05-19
32.85555556,-119.24166667,202403010141,2024-Oct-12,2024-10-12T00:00:00Z,2024-10-12
41.49722222,-124.265,202403020082,2024-Jun-15,2024-06-15T00:00:00Z,2024-06-15
34.85333333,-121.13055556,202403017138,2024-Sep-30,2024-09-30T00:00:00Z,2024-09-30
33.50333333,-118.61222222,202403008159,2024-Jul-02,2024-07-02T00:00:00Z,2024-07-02
38.1175,-123.28222222,202403010096,2024-Sep-20,2024-09-20T00:00:00Z,2024-09-20
45.09833333,-124.86888889,202403020041,2024-Jun-01,2024-06-01T00:00:00Z,2024-06-01
43.67555556,-124.43833333,202403010052,2024-Sep-03,2024-09-03T00:00:00Z,2024-09-03
36.07277778,-121.95805556,202403017128,2024-Sep-27,2024-09-27T00:00:00Z,2024-09-27
45.33583333,-124.40694444,202403010035,2024-Aug-31,2024-08-31T00:00:00Z,2024-08-31
41.89972222,-124.74027778,202403008091,2024-Jun-14,2024-06-14T00:00:00Z,2024-06-14
37.50527778,-122.98111111,202403008123,2024-Jun-20,2024-06-20T00:00:00Z,2024-06-20
47.74916667,-125.32694444,202403017021,2024-Aug-22,2024-08-22T00:00:00Z,2024-08-22
47.25944444,-124.48777778,202403008027,2024-May-24,2024-05-24T00:00:00Z,2024-05-24
35.16611111,-121.54638889,202403008138,2024-Jun-28,2024-06-28T00:00:00Z,2024-06-28
33.20222222,-119.34444444,202403020149,2024-Jul-03,2024-07-03T00:00:00Z,2024-07-03
32.74722222,-117.40777778,202403010145,2024-Oct-14,2024-10-14T00:00:00Z,2024-10-14
44.21361111,-124.33444444,202403010046,2024-Sep-02,2024-09-02T00:00:00Z,2024-09-02
46.85527778,-125.06,202403017017,2024-Aug-21,2024-08-21T00:00:00Z,2024-08-21
36.97805556,-122.76444444,202403008130,2024-Jun-22,2024-06-22T00:00:00Z,2024-06-22
37.525,-122.80305556,202403010099,2024-Sep-21,2024-09-21T00:00:00Z,2024-09-21
43.75194444,-124.71027778,202403010055,2024-Sep-04,2024-09-04T00:00:00Z,2024-09-04
45.55361111,-124.27611111,202403010034,2024-Aug-31,2024-08-31T00:00:00Z,2024-08-31
38.04916667,-123.15944444,202403017109,2024-Sep-20,2024-09-20T00:00:00Z,2024-09-20
34.10194444,-119.92166667,202403017154,2024-Oct-03,2024-10-03T00:00:00Z,2024-10-03
38.44638889,-123.25833333,202403010093,2024-Sep-20,2024-09-20T00:00:00Z,2024-09-20
43.77277778,-124.66527778,202403010054,2024-Sep-04,2024-09-04T00:00:00Z,2024-09-04
43.54222222,-124.64027778,202403010053,2024-Sep-03,2024-09-03T00:00:00Z,2024-09-03
44.6575,-124.27666667,202403020005,2024-May-20,2024-05-20T00:00:00Z,2024-05-20
47.82305556,-124.89083333,202403008013,2024-May-21,2024-05-21T00:00:00Z,2024-05-21
48.36444444,-124.8525,202403017026,2024-Aug-23,2024-08-23T00:00:00Z,2024-08-23
34.48972222,-120.645,202403017146,2024-Oct-02,2024-10-02T00:00:00Z,2024-10-02
40.53555556,-124.63972222,202403020090,2024-Jun-16,2024-06-16T00:00:00Z,2024-06-16
37.77972222,-123.00055556,202403020113,2024-Jun-21,2024-06-21T00:00:00Z,2024-06-21
44.18472222,-124.61527778,202403020062,2024-Jun-07,2024-06-07T00:00:00Z,2024-06-07
33.67388889,-119.98027778,202403020142,2024-Jul-01,2024-07-01T00:00:00Z,2024-07-01
38.38416667,-123.31333333,202403020111,2024-Jun-20,2024-06-20T00:00:00Z,2024-06-20
34.29694444,-120.69694444,202403017148,2024-Oct-02,2024-10-02T00:00:00Z,2024-10-02
40.84111111,-124.365,202403008101,2024-Jun-16,2024-06-16T00:00:00Z,2024-06-16
47.33222222,-124.59972222,202403020025,2024-May-25,2024-05-25T00:00:00Z,2024-05-25
43.88861111,-124.63333333,202403008068,2024-Jun-07,2024-06-07T00:00:00Z,2024-06-07
47.54194444,-125.19416667,202403010016,2024-Aug-21,2024-08-21T00:00:00Z,2024-08-21
44.65805556,-124.17833333,202403017038,2024-Aug-26,2024-08-26T00:00:00Z,2024-08-26
37.20472222,-122.72111111,202403017115,2024-Sep-21,2024-09-21T00:00:00Z,2024-09-21
33.34,-119.52472222,202403020150,2024-Jul-03,2024-07-03T00:00:00Z,2024-07-03
42.15972222,-124.57,202403008087,2024-Jun-14,2024-06-14T00:00:00Z,2024-06-14
45.20611111,-124.31666667,202403008043,2024-May-27,2024-05-27T00:00:00Z,2024-05-27
44.17722222,-124.215,202403008063,2024-Jun-06,2024-06-06T00:00:00Z,2024-06-06
35.47694444,-121.21444444,202403010114,2024-Sep-28,2024-09-28T00:00:00Z,2024-09-28
34.73638889,-120.91833333,202403010123,2024-Oct-01,2024-10-01T00:00:00Z,2024-10-01
36.26305556,-122.35138889,202403017122,2024-Sep-26,2024-09-26T00:00:00Z,2024-09-26
34.70583333,-120.77361111,202403017142,2024-Oct-01,2024-10-01T00:00:00Z,2024-10-01
33.32333333,-118.28611111,202403008160,2024-Jul-03,2024-07-03T00:00:00Z,2024-07-03
41.46611111,-124.78638889,202403008095,2024-Jun-15,2024-06-15T00:00:00Z,2024-06-15
34.59527778,-121.09972222,202403010127,2024-Oct-02,2024-10-02T00:00:00Z,2024-10-02
45.47944444,-124.67,202403017007,2024-Aug-19,2024-08-19T00:00:00Z,2024-08-19
34.94527778,-120.91944444,202403017137,2024-Sep-30,2024-09-30T00:00:00Z,2024-09-30
36.16222222,-121.89555556,202403017127,2024-Sep-27,2024-09-27T00:00:00Z,2024-09-27
32.70444444,-119.22111111,202403017167,2024-Oct-10,2024-10-10T00:00:00Z,2024-10-10
33.29166667,-118.28472222,202403008161,2024-Jul-04,2024-07-04T00:00:00Z,2024-07-04
34.0975,-119.26361111,202403008162,2024-Jul-05,2024-07-05T00:00:00Z,2024-07-05
45.6325,-124.57861111,202403017010,2024-Aug-19,2024-08-19T00:00:00Z,2024-08-19
45.82583333,-124.64444444,202403017035,2024-Aug-25,2024-08-25T00:00:00Z,2024-08-25
38.78361111,-123.83555556,202403010089,2024-Sep-19,2024-09-19T00:00:00Z,2024-09-19
42.37277778,-124.76111111,202403010066,2024-Sep-07,2024-09-07T00:00:00Z,2024-09-07
47.12916667,-124.465,202403010029,2024-Aug-24,2024-08-24T00:00:00Z,2024-08-24
44.51722222,-124.96777778,202403008054,2024-Jun-05,2024-06-05T00:00:00Z,2024-06-05
39.53722222,-123.97555556,202403017098,2024-Sep-18,2024-09-18T00:00:00Z,2024-09-18
32.55805556,-119.04138889,202403020161,2024-Jul-10,2024-07-10T00:00:00Z,2024-07-10
41.56611111,-124.85888889,202403010071,2024-Sep-08,2024-09-08T00:00:00Z,2024-09-08
42.00194444,-124.60055556,202403017086,2024-Sep-14,2024-09-14T00:00:00Z,2024-09-14
45.03416667,-124.15111111,202403008045,2024-May-28,2024-05-28T00:00:00Z,2024-05-28
33.02638889,-118.35083333,202403017178,2024-Oct-14,2024-10-14T00:00:00Z,2024-10-14
37.4725,-122.83472222,202403010100,2024-Sep-21,2024-09-21T00:00:00Z,2024-09-21
34.99611111,-121.35944444,202403020133,2024-Jun-29,2024-06-29T00:00:00Z,2024-06-29
46.39555556,-124.65722222,202403017014,2024-Aug-20,2024-08-20T00:00:00Z,2024-08-20
37.07555556,-122.38,202403010105,2024-Sep-22,2024-09-22T00:00:00Z,2024-09-22
33.02888889,-117.37222222,202403008175,2024-Jul-13,2024-07-13T00:00:00Z,2024-07-13
43.08111111,-124.86944444,202403008080,2024-Jun-08,2024-06-08T00:00:00Z,2024-06-08
45.08833333,-124.23111111,202403017044,2024-Aug-31,2024-08-31T00:00:00Z,2024-08-31
38.20805556,-123.12055556,202403008117,2024-Jun-19,2024-06-19T00:00:00Z,2024-06-19
45.58777778,-124.04944444,202403010032,2024-Aug-31,2024-08-31T00:00:00Z,2024-08-31
46.8025,-124.86722222,202403017016,2024-Aug-21,2024-08-21T00:00:00Z,2024-08-21
43.90805556,-124.63888889,202403010048,2024-Sep-03,2024-09-03T00:00:00Z,2024-09-03
47.72833333,-124.96361111,202403008012,2024-May-21,2024-05-21T00:00:00Z,2024-05-21
48.16694444,-124.95361111,202403017027,2024-Aug-23,2024-08-23T00:00:00Z,2024-08-23
43.15944444,-124.55472222,202403020073,2024-Jun-09,2024-06-09T00:00:00Z,2024-06-09
48.12694444,-125.32027778,202403020018,2024-May-23,2024-05-23T00:00:00Z,2024-05-23
43.67638889,-124.31166667,202403010051,2024-Sep-03,2024-09-03T00:00:00Z,2024-09-03
47.90444444,-125.42777778,202403010020,2024-Aug-22,2024-08-22T00:00:00Z,2024-08-22
46.12194444,-124.14944444,202403010009,2024-Aug-19,2024-08-19T00:00:00Z,2024-08-19
36.94,-122.51277778,202403020121,2024-Jun-27,2024-06-27T00:00:00Z,2024-06-27
37.39083333,-122.85722222,202403010102,2024-Sep-21,2024-09-21T00:00:00Z,2024-09-21
45.25305556,-124.21944444,202403008044,2024-May-27,2024-05-27T00:00:00Z,2024-05-27
32.8225,-118.05916667,202403008172,2024-Jul-12,2024-07-12T00:00:00Z,2024-07-12
43.71833333,-124.85083333,202403017064,2024-Sep-04,2024-09-04T00:00:00Z,2024-09-04
45.14333333,-124.78222222,202403020042,2024-Jun-01,2024-06-01T00:00:00Z,2024-06-01
47.22833333,-124.98222222,202403017030,2024-Aug-24,2024-08-24T00:00:00Z,2024-08-24
44.93055556,-124.56527778,202403008049,2024-Jun-01,2024-06-01T00:00:00Z,2024-06-01
37.55444444,-122.86416667,202403008122,2024-Jun-20,2024-06-20T00:00:00Z,2024-06-20
43.07111111,-124.92555556,202403008079,2024-Jun-08,2024-06-08T00:00:00Z,2024-06-08
35.35083333,-120.91888889,202403010120,2024-Sep-30,2024-09-30T00:00:00Z,2024-09-30
32.61138889,-117.29138889,202403020167,2024-Jul-12,2024-07-12T00:00:00Z,2024-07-12
34.32944444,-120.2675,202403020138,2024-Jun-30,2024-06-30T00:00:00Z,2024-06-30
39.87055556,-124.15388889,202403020097,2024-Jun-18,2024-06-18T00:00:00Z,2024-06-18
43.02222222,-124.58111111,202403008081,2024-Jun-09,2024-06-09T00:00:00Z,2024-06-09
45.91833333,-124.30166667,202403017051,2024-Sep-01,2024-09-01T00:00:00Z,2024-09-01
44.79611111,-124.57583333,202403017041,2024-Aug-26,2024-08-26T00:00:00Z,2024-08-26
38.58138889,-123.43694444,202403017106,2024-Sep-20,2024-09-20T00:00:00Z,2024-09-20
45.86222222,-124.13166667,202403010006,2024-Aug-19,2024-08-19T00:00:00Z,2024-08-19
43.41805556,-124.51388889,202403008074,2024-Jun-08,2024-06-08T00:00:00Z,2024-06-08
38.51111111,-123.31138889,202403017107,2024-Sep-20,2024-09-20T00:00:00Z,2024-09-20
36.43638889,-122.09694444,202403017121,2024-Sep-26,2024-09-26T00:00:00Z,2024-09-26
42.72222222,-124.86972222,202403017074,2024-Sep-06,2024-09-06T00:00:00Z,2024-09-06
46.30111111,-124.61111111,202403010010,2024-Aug-19,2024-08-19T00:00:00Z,2024-08-19
45.23472222,-124.51527778,202403017046,2024-Aug-31,2024-08-31T00:00:00Z,2024-08-31
34.2825,-119.88277778,202403017156,2024-Oct-08,2024-10-08T00:00:00Z,2024-10-08
47.72805556,-125.51972222,202403017020,2024-Aug-22,2024-08-22T00:00:00Z,2024-08-22
33.36694444,-117.71111111,202403008176,2024-Jul-14,2024-07-14T00:00:00Z,2024-07-14
33.32638889,-120.4825,202403008165,2024-Jul-09,2024-07-09T00:00:00Z,2024-07-09
46.6075,-124.94333333,202403020039,2024-May-27,2024-05-27T00:00:00Z,2024-05-27
40.34055556,-124.43,202403020092,2024-Jun-17,2024-06-17T00:00:00Z,2024-06-17
39.7175,-124.03527778,202403017096,2024-Sep-18,2024-09-18T00:00:00Z,2024-09-18
39.04944444,-123.83694444,202403017103,2024-Sep-19,2024-09-19T00:00:00Z,2024-09-19
40.05222222,-124.27416667,202403010084,2024-Sep-18,2024-09-18T00:00:00Z,2024-09-18
35.16138889,-121.3375,202403020132,2024-Jun-29,2024-06-29T00:00:00Z,2024-06-29
42.3375,-124.73333333,202403010067,2024-Sep-07,2024-09-07T00:00:00Z,2024-09-07
34.40805556,-120.30166667,202403010132,2024-Oct-03,2024-10-03T00:00:00Z,2024-10-03
36.14361111,-121.8325,202403020125,2024-Jun-28,2024-06-28T00:00:00Z,2024-06-28
37.36583333,-122.54916667,202403008128,2024-Jun-22,2024-06-22T00:00:00Z,2024-06-22
32.77777778,-119.35111111,202403008168,2024-Jul-10,2024-07-10T00:00:00Z,2024-07-10
45.88916667,-124.06444444,202403020053,2024-Jun-06,2024-06-06T00:00:00Z,2024-06-06
43.5525,-124.69444444,202403020070,2024-Jun-09,2024-06-09T00:00:00Z,2024-06-09
38.655,-123.75305556,202403010090,2024-Sep-19,2024-09-19T00:00:00Z,2024-09-19
44.48611111,-124.96888889,202403008055,2024-Jun-05,2024-06-05T00:00:00Z,2024-06-05
40.57555556,-124.46388889,202403010083,2024-Sep-15,2024-09-15T00:00:00Z,2024-09-15
41.50555556,-124.28777778,202403010079,2024-Sep-14,2024-09-14T00:00:00Z,2024-09-14
36.505,-122.11361111,202403020124,2024-Jun-27,2024-06-27T00:00:00Z,2024-06-27
37.31444444,-122.53583333,202403010104,2024-Sep-21,2024-09-21T00:00:00Z,2024-09-21
43.75694444,-124.63694444,202403020068,2024-Jun-08,2024-06-08T00:00:00Z,2024-06-08
40.67888889,-124.49388889,202403008102,2024-Jun-16,2024-06-16T00:00:00Z,2024-06-16
37.69194444,-122.85333333,202403008121,2024-Jun-20,2024-06-20T00:00:00Z,2024-06-20
43.09666667,-124.80305556,202403010062,2024-Sep-06,2024-09-06T00:00:00Z,2024-09-06
32.95944444,-117.63277778,202403020169,2024-Jul-12,2024-07-12T00:00:00Z,2024-07-12
45.43388889,-124.63888889,202403008002,2024-May-19,2024-05-19T00:00:00Z,2024-05-19
44.44194444,-124.76194444,202403020061,2024-Jun-07,2024-06-07T00:00:00Z,2024-06-07
38.63083333,-123.67194444,202403020104,2024-Jun-19,2024-06-19T00:00:00Z,2024-06-19
42.19888889,-124.46805556,202403008086,2024-Jun-10,2024-06-10T00:00:00Z,2024-06-10
45.99305556,-124.12388889,202403010008,2024-Aug-19,2024-08-19T00:00:00Z,2024-08-19
46.26333333,-124.43166667,202403008031,2024-May-25,2024-05-25T00:00:00Z,2024-05-25
47.40444444,-124.65194444,202403017028,2024-Aug-23,2024-08-23T00:00:00Z,2024-08-23
48.22805556,-125.17,202403010027,2024-Aug-23,2024-08-23T00:00:00Z,2024-08-23
43.68222222,-124.7775,202403010056,2024-Sep-04,2024-09-04T00:00:00Z,2024-09-04
46.99611111,-124.46611111,202403010030,2024-Aug-24,2024-08-24T00:00:00Z,2024-08-24
34.25583333,-119.81583333,202403010135,2024-Oct-04,2024-10-04T00:00:00Z,2024-10-04
35.23666667,-121.48194444,202403010116,2024-Sep-29,2024-09-29T00:00:00Z,2024-09-29
41.26361111,-124.41777778,202403010080,2024-Sep-14,2024-09-14T00:00:00Z,2024-09-14
38.67333333,-123.61472222,202403008113,2024-Jun-18,2024-06-18T00:00:00Z,2024-06-18
36.32138889,-122.21944444,202403008132,2024-Jun-27,2024-06-27T00:00:00Z,2024-06-27
45.77111111,-124.67916667,202403020057,2024-Jun-06,2024-06-06T00:00:00Z,2024-06-06
42.66166667,-124.53833333,202403017076,2024-Sep-07,2024-09-07T00:00:00Z,2024-09-07
44.58027778,-124.27444444,202403010038,2024-Sep-01,2024-09-01T00:00:00Z,2024-09-01
44.59888889,-124.62277778,202403017056,2024-Sep-02,2024-09-02T00:00:00Z,2024-09-02
43.88888889,-124.59277778,202403008067,2024-Jun-07,2024-06-07T00:00:00Z,2024-06-07
44.01583333,-124.35972222,202403010047,2024-Sep-02,2024-09-02T00:00:00Z,2024-09-02
46.62166667,-124.44305556,202403008028,2024-May-25,2024-05-25T00:00:00Z,2024-05-25
44.43444444,-124.46944444,202403008061,2024-Jun-06,2024-06-06T00:00:00Z,2024-06-06
43.40583333,-125.00527778,202403008072,2024-Jun-07,2024-06-07T00:00:00Z,2024-06-07
43.72833333,-124.91833333,202403008070,2024-Jun-07,2024-06-07T00:00:00Z,2024-06-07
34.00416667,-119.34666667,202403010137,2024-Oct-08,2024-10-08T00:00:00Z,2024-10-08
44.77166667,-124.60722222,202403010039,2024-Sep-01,2024-09-01T00:00:00Z,2024-09-01
44.72222222,-124.3225,202403017042,2024-Aug-27,2024-08-27T00:00:00Z,2024-08-27
44.26166667,-124.34361111,202403017059,2024-Sep-03,2024-09-03T00:00:00Z,2024-09-03
48.13222222,-125.02583333,202403020021,2024-May-24,2024-05-24T00:00:00Z,2024-05-24
42.32,-124.57305556,202403020074,2024-Jun-10,2024-06-10T00:00:00Z,2024-06-10
42.41888889,-124.73555556,202403008085,2024-Jun-09,2024-06-09T00:00:00Z,2024-06-09
45.47083333,-124.28277778,202403008041,2024-May-27,2024-05-27T00:00:00Z,2024-05-27
33.29416667,-118.25277778,202403010148,2024-Oct-15,2024-10-15T00:00:00Z,2024-10-15
45.78472222,-124.60888889,202403020056,2024-Jun-06,2024-06-06T00:00:00Z,2024-06-06
34.18361111,-119.66972222,202403020152,2024-Jul-04,2024-07-04T00:00:00Z,2024-07-04
43.9075,-124.41361111,202403010049,2024-Sep-03,2024-09-03T00:00:00Z,2024-09-03
39.34861111,-124.10555556,202403017099,2024-Sep-18,2024-09-18T00:00:00Z,2024-09-18
46.06583333,-124.48944444,202403020049,2024-Jun-05,2024-06-05T00:00:00Z,2024-06-05
42.53833333,-124.79833333,202403008083,2024-Jun-09,2024-06-09T00:00:00Z,2024-06-09
33.90111111,-118.67055556,202403020170,2024-Jul-13,2024-07-13T00:00:00Z,2024-07-13
44.89777778,-124.57666667,202403008048,2024-Jun-01,2024-06-01T00:00:00Z,2024-06-01
32.96277778,-117.88555556,202403008174,2024-Jul-12,2024-07-12T00:00:00Z,2024-07-12
33.01166667,-117.35805556,202403017180,2024-Oct-14,2024-10-14T00:00:00Z,2024-10-14
44.415,-124.28416667,202403017057,2024-Sep-02,2024-09-02T00:00:00Z,2024-09-02
35.73527778,-121.36361111,202403017133,2024-Sep-29,2024-09-29T00:00:00Z,2024-09-29
33.79888889,-120.10861111,202403020144,2024-Jul-02,2024-07-02T00:00:00Z,2024-07-02
38.62111111,-123.72722222,202403017104,2024-Sep-19,2024-09-19T00:00:00Z,2024-09-19
33.66944444,-119.08972222,202403017175,2024-Oct-13,2024-10-13T00:00:00Z,2024-10-13
32.96444444,-119.44416667,202403020147,2024-Jul-03,2024-07-03T00:00:00Z,2024-07-03
45.51861111,-124.86166667,202403008003,2024-May-19,2024-05-19T00:00:00Z,2024-05-19
41.73972222,-124.93638889,202403017081,2024-Sep-08,2024-09-08T00:00:00Z,2024-09-08
44.54333333,-124.33194444,202403020063,2024-Jun-08,2024-06-08T00:00:00Z,2024-06-08
43.82861111,-124.77833333,202403017063,2024-Sep-04,2024-09-04T00:00:00Z,2024-09-04
33.03083333,-117.51333333,202403020168,2024-Jul-12,2024-07-12T00:00:00Z,2024-07-12
39.15,-123.94416667,202403008109,2024-Jun-18,2024-06-18T00:00:00Z,2024-06-18
47.91777778,-125.17722222,202403017023,2024-Aug-22,2024-08-22T00:00:00Z,2024-08-22
43.17333333,-124.64472222,202403017070,2024-Sep-05,2024-09-05T00:00:00Z,2024-09-05
48.08305556,-125.91805556,202403008018,2024-May-23,2024-05-23T00:00:00Z,2024-05-23
46.74361111,-124.99166667,202403010011,2024-Aug-20,2024-08-20T00:00:00Z,2024-08-20
38.2475,-123.43361111,202403010095,2024-Sep-20,2024-09-20T00:00:00Z,2024-09-20
38.48083333,-123.64444444,202403008114,2024-Jun-18,2024-06-18T00:00:00Z,2024-06-18
35.60638889,-121.63972222,202403020128,2024-Jun-28,2024-06-28T00:00:00Z,2024-06-28
46.29694444,-124.28222222,202403020047,2024-Jun-05,2024-06-05T00:00:00Z,2024-06-05
44.94194444,-124.43555556,202403008050,2024-Jun-01,2024-06-01T00:00:00Z,2024-06-01
35.46777778,-121.62777778,202403008136,2024-Jun-27,2024-06-27T00:00:00Z,2024-06-27
39.25277778,-123.91527778,202403017102,2024-Sep-19,2024-09-19T00:00:00Z,2024-09-19
45.78638889,-124.21,202403017049,2024-Sep-01,2024-09-01T00:00:00Z,2024-09-01
40.08305556,-124.28055556,202403008106,2024-Jun-17,2024-06-17T00:00:00Z,2024-06-17
34.79055556,-121.095,202403017139,2024-Sep-30,2024-09-30T00:00:00Z,2024-09-30
40.71472222,-124.5,202403017094,2024-Sep-17,2024-09-17T00:00:00Z,2024-09-17
47.21277778,-125.03722222,202403020028,2024-May-25,2024-05-25T00:00:00Z,2024-05-25
33.89444444,-120.17972222,202403017152,2024-Oct-03,2024-10-03T00:00:00Z,2024-10-03
34.08333333,-119.77972222,202403008163,2024-Jul-09,2024-07-09T00:00:00Z,2024-07-09
47.57333333,-125.6,202403008010,2024-May-21,2024-05-21T00:00:00Z,2024-05-21
32.44694444,-119.32027778,202403020160,2024-Jul-10,2024-07-10T00:00:00Z,2024-07-10
46.97277778,-124.70916667,202403020032,2024-May-26,2024-05-26T00:00:00Z,2024-05-26
36.87027778,-122.01666667,202403010108,2024-Sep-26,2024-09-26T00:00:00Z,2024-09-26
42.59,-124.72888889,202403008082,2024-Jun-09,2024-06-09T00:00:00Z,2024-06-09
47.20555556,-124.75694444,202403017031,2024-Aug-24,2024-08-24T00:00:00Z,2024-08-24
33.57444444,-118.73805556,202403008158,2024-Jul-02,2024-07-02T00:00:00Z,2024-07-02
33.17916667,-119.58083333,202403017161,2024-Oct-09,2024-10-09T00:00:00Z,2024-10-09
47.50111111,-124.8825,202403008023,2024-May-24,2024-05-24T00:00:00Z,2024-05-24
44.13833333,-124.92472222,202403008059,2024-Jun-05,2024-06-05T00:00:00Z,2024-06-05
46.41777778,-124.63055556,202403020008,2024-May-21,2024-05-21T00:00:00Z,2024-05-21
33.92944444,-119.93583333,202403010136,2024-Oct-08,2024-10-08T00:00:00Z,2024-10-08
34.32555556,-119.78777778,202403017155,2024-Oct-04,2024-10-04T00:00:00Z,2024-10-04
35.07388889,-120.96805556,202403008141,2024-Jun-28,2024-06-28T00:00:00Z,2024-06-28
41.19527778,-124.76555556,202403020087,2024-Jun-16,2024-06-16T00:00:00Z,2024-06-16
36.75722222,-122.26083333,202403020122,2024-Jun-27,2024-06-27T00:00:00Z,2024-06-27
45.07138889,-124.41472222,202403017045,2024-Aug-31,2024-08-31T00:00:00Z,2024-08-31
44.82388889,-124.24,202403017043,2024-Aug-31,2024-08-31T00:00:00Z,2024-08-31
37.44777778,-123.20333333,202403020115,2024-Jun-21,2024-06-21T00:00:00Z,2024-06-21
43.84638889,-124.25333333,202403008065,2024-Jun-06,2024-06-06T00:00:00Z,2024-06-06
34.70333333,-120.91805556,202403017141,2024-Oct-01,2024-10-01T00:00:00Z,2024-10-01
34.51055556,-121.04166667,202403020137,2024-Jun-30,2024-06-30T00:00:00Z,2024-06-30
47.5875,-124.79694444,202403010018,2024-Aug-21,2024-08-21T00:00:00Z,2024-08-21
42.79805556,-124.93111111,202403017072,2024-Sep-06,2024-09-06T00:00:00Z,2024-09-06
39.77833333,-123.99777778,202403008107,2024-Jun-17,2024-06-17T00:00:00Z,2024-06-17
33.85305556,-120.08861111,202403017153,2024-Oct-03,2024-10-03T00:00:00Z,2024-10-03
42.9925,-124.58611111,202403017071,2024-Sep-06,2024-09-06T00:00:00Z,2024-09-06
36.91194444,-122.25333333,202403008131,2024-Jun-23,2024-06-23T00:00:00Z,2024-06-23
44.59694444,-124.67277778,202403020065,2024-Jun-08,2024-06-08T00:00:00Z,2024-06-08
38.41333333,-123.42722222,202403017108,2024-Sep-20,2024-09-20T00:00:00Z,2024-09-20
46.37611111,-124.74305556,202403008007,2024-May-20,2024-05-20T00:00:00Z,2024-05-20
36.72805556,-122.26333333,202403020123,2024-Jun-27,2024-06-27T00:00:00Z,2024-06-27
43.58472222,-124.57916667,202403020071,2024-Jun-09,2024-06-09T00:00:00Z,2024-06-09
33.55444444,-118.83972222,202403008157,2024-Jul-02,2024-07-02T00:00:00Z,2024-07-02
41.81166667,-124.91722222,202403017083,2024-Sep-08,2024-09-08T00:00:00Z,2024-09-08
37.3325,-122.76361111,202403008129,2024-Jun-22,2024-06-22T00:00:00Z,2024-06-22
33.50277778,-118.51861111,202403020172,2024-Jul-13,2024-07-13T00:00:00Z,2024-07-13
45.50833333,-124.49222222,202403008038,2024-May-26,2024-05-26T00:00:00Z,2024-05-26
37.97,-123.15555556,202403008120,2024-Jun-19,2024-06-19T00:00:00Z,2024-06-19
35.08305556,-121.1025,202403017136,2024-Sep-30,2024-09-30T00:00:00Z,2024-09-30
46.13083333,-124.32972222,202403008034,2024-May-26,2024-05-26T00:00:00Z,2024-05-26
45.14472222,-124.69305556,202403020043,2024-Jun-01,2024-06-01T00:00:00Z,2024-06-01
46.51555556,-124.65527778,202403020009,2024-May-21,2024-05-21T00:00:00Z,2024-05-21
42.86138889,-124.75583333,202403010065,2024-Sep-06,2024-09-06T00:00:00Z,2024-09-06
45.96638889,-124.77333333,202403020051,2024-Jun-05,2024-06-05T00:00:00Z,2024-06-05
38.53916667,-123.51472222,202403008115,2024-Jun-19,2024-06-19T00:00:00Z,2024-06-19
47.99361111,-125.68944444,202403020016,2024-May-23,2024-05-23T00:00:00Z,2024-05-23
46.42805556,-124.36555556,202403008029,2024-May-25,2024-05-25T00:00:00Z,2024-05-25
42.72916667,-124.90666667,202403017073,2024-Sep-06,2024-09-06T00:00:00Z,2024-09-06
36.25444444,-122.14,202403010110,2024-Sep-27,2024-09-27T00:00:00Z,2024-09-27
44.10444444,-124.62472222,202403017062,2024-Sep-03,2024-09-03T00:00:00Z,2024-09-03
33.06888889,-119.69305556,202403008154,2024-Jul-01,2024-07-01T00:00:00Z,2024-07-01
45.18361111,-124.75166667,202403008001,2024-May-19,2024-05-19T00:00:00Z,2024-05-19
35.31111111,-121.10388889,202403010119,2024-Sep-30,2024-09-30T00:00:00Z,2024-09-30
39.25416667,-123.84027778,202403020100,2024-Jun-18,2024-06-18T00:00:00Z,2024-06-18
47.69888889,-124.81111111,202403020024,2024-May-24,2024-05-24T00:00:00Z,2024-05-24
44.38,-124.24777778,202403008053,2024-Jun-04,2024-06-04T00:00:00Z,2024-06-04
43.45138889,-124.34666667,202403008076,2024-Jun-08,2024-06-08T00:00:00Z,2024-06-08
37.17361111,-122.85305556,202403010103,2024-Sep-21,2024-09-21T00:00:00Z,2024-09-21
33.77472222,-120.01916667,202403008152,2024-Jun-30,2024-06-30T00:00:00Z,2024-06-30
43.44805556,-124.65527778,202403010059,2024-Sep-05,2024-09-05T00:00:00Z,2024-09-05
46.83416667,-124.98055556,202403020036,2024-May-27,2024-05-27T00:00:00Z,2024-05-27
44.51555556,-124.83638889,202403020060,2024-Jun-07,2024-06-07T00:00:00Z,2024-06-07
34.04611111,-119.01194444,202403010138,2024-Oct-08,2024-10-08T00:00:00Z,2024-10-08
33.13027778,-119.58694444,202403020148,2024-Jul-03,2024-07-03T00:00:00Z,2024-07-03
44.97,-125.01611111,202403017001,2024-Aug-18,2024-08-18T00:00:00Z,2024-08-18
41.57333333,-124.61361111,202403008094,2024-Jun-15,2024-06-15T00:00:00Z,2024-06-15
48.14361111,-124.97805556,202403008016,2024-May-22,2024-05-22T00:00:00Z,2024-05-22
37.8725,-122.94388889,202403017110,2024-Sep-20,2024-09-20T00:00:00Z,2024-09-20
35.03083333,-121.48472222,202403008139,2024-Jun-28,2024-06-28T00:00:00Z,2024-06-28
46.75333333,-124.82888889,202403017015,2024-Aug-20,2024-08-20T00:00:00Z,2024-08-20
33.65138889,-119.8825,202403008164,2024-Jul-09,2024-07-09T00:00:00Z,2024-07-09
37.01916667,-122.57944444,202403017119,2024-Sep-22,2024-09-22T00:00:00Z,2024-09-22
33.12638889,-118.85722222,202403008156,2024-Jul-01,2024-07-01T00:00:00Z,2024-07-01
48.04055556,-125.55444444,202403008021,2024-May-23,2024-05-23T00:00:00Z,2024-05-23
46.3,-124.54583333,202403008032,2024-May-25,2024-05-25T00:00:00Z,2024-05-25
46.65722222,-124.70222222,202403008008,2024-May-20,2024-05-20T00:00:00Z,2024-05-20
38.94833333,-123.94861111,202403020101,2024-Jun-18,2024-06-18T00:00:00Z,2024-06-18
41.86916667,-124.91055556,202403020077,2024-Jun-14,2024-06-14T00:00:00Z,2024-06-14
34.84222222,-120.98333333,202403010122,2024-Oct-01,2024-10-01T00:00:00Z,2024-10-01
45.565,-124.31611111,202403008039,2024-May-26,2024-05-26T00:00:00Z,2024-05-26
34.62277778,-120.95416667,202403008146,2024-Jun-29,2024-06-29T00:00:00Z,2024-06-29
43.49222222,-124.76027778,202403017066,2024-Sep-05,2024-09-05T00:00:00Z,2024-09-05
46.04166667,-124.66777778,202403020050,2024-Jun-05,2024-06-05T00:00:00Z,2024-06-05
42.04916667,-124.94,202403008090,2024-Jun-14,2024-06-14T00:00:00Z,2024-06-14
37.40277778,-122.81027778,202403010101,2024-Sep-21,2024-09-21T00:00:00Z,2024-09-21
47.79,-125.69694444,202403008022,2024-May-23,2024-05-23T00:00:00Z,2024-05-23
48.06944444,-125.65861111,202403020015,2024-May-23,2024-05-23T00:00:00Z,2024-05-23
34.41472222,-120.74888889,202403010129,2024-Oct-02,2024-10-02T00:00:00Z,2024-10-02
47.68194444,-124.98388889,202403010019,2024-Aug-21,2024-08-21T00:00:00Z,2024-08-21
44.04194444,-124.38361111,202403008064,2024-Jun-06,2024-06-06T00:00:00Z,2024-06-06
32.74472222,-120.05111111,202403008167,2024-Jul-10,2024-07-10T00:00:00Z,2024-07-10
42.34833333,-124.87138889,202403008088,2024-Jun-14,2024-06-14T00:00:00Z,2024-06-14
36.15833333,-121.82388889,202403017124,2024-Sep-27,2024-09-27T00:00:00Z,2024-09-27
40.94083333,-124.33527778,202403017091,2024-Sep-15,2024-09-15T00:00:00Z,2024-09-15
36.31861111,-121.96166667,202403010109,2024-Sep-26,2024-09-26T00:00:00Z,2024-09-26
36.71,-121.92555556,202403017120,2024-Sep-26,2024-09-26T00:00:00Z,2024-09-26
41.92972222,-124.97361111,202403020076,2024-Jun-14,2024-06-14T00:00:00Z,2024-06-14
48.435,-125.13416667,202403010024,2024-Aug-23,2024-08-23T00:00:00Z,2024-08-23
48.28805556,-124.93583333,202403008015,2024-May-22,2024-05-22T00:00:00Z,2024-05-22
47.16611111,-124.5225,202403010028,2024-Aug-24,2024-08-24T00:00:00Z,2024-08-24
33.40472222,-117.73277778,202403008177,2024-Jul-14,2024-07-14T00:00:00Z,2024-07-14
41.87277778,-124.57194444,202403017087,2024-Sep-14,2024-09-14T00:00:00Z,2024-09-14
41.22444444,-124.72111111,202403020086,2024-Jun-16,2024-06-16T00:00:00Z,2024-06-16
42.43444444,-124.60611111,202403017079,2024-Sep-07,2024-09-07T00:00:00Z,2024-09-07
33.55944444,-118.19111111,202403008178,2024-Jul-15,2024-07-15T00:00:00Z,2024-07-15
39.01833333,-124.12138889,202403008111,2024-Jun-18,2024-06-18T00:00:00Z,2024-06-18
34.77833333,-120.90027778,202403008145,2024-Jun-29,2024-06-29T00:00:00Z,2024-06-29
42.95444444,-124.78333333,202403010064,2024-Sep-06,2024-09-06T00:00:00Z,2024-09-06
35.8975,-121.66361111,202403020126,2024-Jun-28,2024-06-28T00:00:00Z,2024-06-28
45.52611111,-124.57472222,202403017008,2024-Aug-19,2024-08-19T00:00:00Z,2024-08-19
43.15833333,-124.755,202403017069,2024-Sep-05,2024-09-05T00:00:00Z,2024-09-05
41.85444444,-124.45722222,202403010074,2024-Sep-08,2024-09-08T00:00:00Z,2024-09-08
32.58722222,-119.21472222,202403017169,2024-Oct-11,2024-10-11T00:00:00Z,2024-10-11
40.6375,-124.46361111,202403010082,2024-Sep-15,2024-09-15T00:00:00Z,2024-09-15
47.76833333,-124.75222222,202403020023,2024-May-24,2024-05-24T00:00:00Z,2024-05-24
33.13222222,-119.91,202403017159,2024-Oct-09,2024-10-09T00:00:00Z,2024-10-09
34.36138889,-120.47138889,202403008149,2024-Jun-30,2024-06-30T00:00:00Z,2024-06-30
34.94805556,-121.05638889,202403008140,2024-Jun-28,2024-06-28T00:00:00Z,2024-06-28
37.49,-123.01638889,202403020116,2024-Jun-21,2024-06-21T00:00:00Z,2024-06-21
35.02694444,-121.59222222,202403010117,2024-Sep-29,2024-09-29T00:00:00Z,2024-09-29
32.49555556,-118.44527778,202403017173,2024-Oct-12,2024-10-12T00:00:00Z,2024-10-12
44.24277778,-124.46166667,202403020066,2024-Jun-08,2024-06-08T00:00:00Z,2024-06-08
44.76388889,-124.81916667,202403010041,2024-Sep-01,2024-09-01T00:00:00Z,2024-09-01
33.78111111,-119.79333333,202403020146,2024-Jul-02,2024-07-02T00:00:00Z,2024-07-02
45.69666667,-124.69777778,202403020058,2024-Jun-06,2024-06-06T00:00:00Z,2024-06-06
38.42805556,-123.40222222,202403020110,2024-Jun-20,2024-06-20T00:00:00Z,2024-06-20
35.38722222,-121.05111111,202403017134,2024-Sep-30,2024-09-30T00:00:00Z,2024-09-30
34.10388889,-120.18861111,202403020140,2024-Jul-01,2024-07-01T00:00:00Z,2024-07-01
46.8725,-124.51194444,202403017033,2024-Aug-24,2024-08-24T00:00:00Z,2024-08-24
41.36111111,-124.22722222,202403008098,2024-Jun-16,2024-06-16T00:00:00Z,2024-06-16
44.99333333,-124.2025,202403020006,2024-May-20,2024-05-20T00:00:00Z,2024-05-20
35.40305556,-121.58833333,202403020129,2024-Jun-28,2024-06-28T00:00:00Z,2024-06-28
37.45805556,-122.89138889,202403017112,2024-Sep-21,2024-09-21T00:00:00Z,2024-09-21
45.28833333,-124.81666667,202403010003,2024-Aug-18,2024-08-18T00:00:00Z,2024-08-18
44.87,-124.87166667,202403020003,2024-May-19,2024-05-19T00:00:00Z,2024-05-19
42.02138889,-124.81888889,202403010070,2024-Sep-07,2024-09-07T00:00:00Z,2024-09-07
32.97888889,-117.31305556,202403010146,2024-Oct-14,2024-10-14T00:00:00Z,2024-10-14
41.00944444,-124.42638889,202403008099,2024-Jun-16,2024-06-16T00:00:00Z,2024-06-16
41.66861111,-124.48972222,202403010073,2024-Sep-08,2024-09-08T00:00:00Z,2024-09-08
41.95722222,-124.50083333,202403010076,2024-Sep-09,2024-09-09T00:00:00Z,2024-09-09
33.43305556,-118.41916667,202403020173,2024-Jul-14,2024-07-14T00:00:00Z,2024-07-14
47.1575,-124.49083333,202403008026,2024-May-24,2024-05-24T00:00:00Z,2024-05-24
43.44527778,-124.43416667,202403008075,2024-Jun-08,2024-06-08T00:00:00Z,2024-06-08
32.57666667,-119.23388889,202403010144,2024-Oct-13,2024-10-13T00:00:00Z,2024-10-13
46.85527778,-125.11055556,202403017018,2024-Aug-21,2024-08-21T00:00:00Z,2024-08-21
34.40833333,-120.00333333,202403020155,2024-Jul-04,2024-07-04T00:00:00Z,2024-07-04
46.03472222,-124.37583333,202403008035,2024-May-26,2024-05-26T00:00:00Z,2024-05-26
43.28638889,-124.49194444,202403008077,2024-Jun-08,2024-06-08T00:00:00Z,2024-06-08
34.59527778,-121.07694444,202403010125,2024-Oct-01,2024-10-01T00:00:00Z,2024-10-01
44.77694444,-124.71277778,202403010040,2024-Sep-01,2024-09-01T00:00:00Z,2024-09-01
41.52,-124.45861111,202403020080,2024-Jun-15,2024-06-15T00:00:00Z,2024-06-15
33.07722222,-119.51666667,202403008155,2024-Jul-01,2024-07-01T00:00:00Z,2024-07-01
32.67166667,-119.32361111,202403017165,2024-Oct-10,2024-10-10T00:00:00Z,2024-10-10
34.85722222,-121.28194444,202403020135,2024-Jun-30,2024-06-30T00:00:00Z,2024-06-30
33.72694444,-118.95277778,202403017176,2024-Oct-13,2024-10-13T00:00:00Z,2024-10-13
34.39638889,-119.99,202403010134,2024-Oct-03,2024-10-03T00:00:00Z,2024-10-03
32.48277778,-119.37472222,202403017168,2024-Oct-11,2024-10-11T00:00:00Z,2024-10-11
34.16916667,-120.67416667,202403008147,2024-Jun-29,2024-06-29T00:00:00Z,2024-06-29
35.80166667,-122.10527778,202403017130,2024-Sep-28,2024-09-28T00:00:00Z,2024-09-28
43.44805556,-124.54527778,202403010060,2024-Sep-05,2024-09-05T00:00:00Z,2024-09-05
45.55444444,-124.09472222,202403010033,2024-Aug-31,2024-08-31T00:00:00Z,2024-08-31
32.38805556,-119.21027778,202403017171,2024-Oct-11,2024-10-11T00:00:00Z,2024-10-11
46.16583333,-124.51416667,202403008033,2024-May-25,2024-05-25T00:00:00Z,2024-05-25
48.12805556,-125.6675,202403010022,2024-Aug-22,2024-08-22T00:00:00Z,2024-08-22
45.27722222,-124.75583333,202403017005,2024-Aug-18,2024-08-18T00:00:00Z,2024-08-18
33.56138889,-118.23361111,202403020174,2024-Jul-15,2024-07-15T00:00:00Z,2024-07-15
44.385,-124.915,202403010045,2024-Sep-02,2024-09-02T00:00:00Z,2024-09-02
48.05388889,-125.58277778,202403010021,2024-Aug-22,2024-08-22T00:00:00Z,2024-08-22
34.39944444,-120.17583333,202403010133,2024-Oct-03,2024-10-03T00:00:00Z,2024-10-03
35.47111111,-121.685,202403017132,2024-Sep-28,2024-09-28T00:00:00Z,2024-09-28
35.03444444,-120.87833333,202403010121,2024-Oct-01,2024-10-01T00:00:00Z,2024-10-01
43.74861111,-124.39972222,202403008066,2024-Jun-06,2024-06-06T00:00:00Z,2024-06-06
45.59277778,-124.61,202403017009,2024-Aug-19,2024-08-19T00:00:00Z,2024-08-19
45.8925,-124.47805556,202403017037,2024-Aug-25,2024-08-25T00:00:00Z,2024-08-25
35.5925,-121.25583333,202403010113,2024-Sep-28,2024-09-28T00:00:00Z,2024-09-28
44.67416667,-125.14166667,202403008051,2024-Jun-02,2024-06-02T00:00:00Z,2024-06-02
35.94111111,-121.92805556,202403010111,2024-Sep-27,2024-09-27T00:00:00Z,2024-09-27
39.34194444,-124.20333333,202403017100,2024-Sep-18,2024-09-18T00:00:00Z,2024-09-18
37.54805556,-122.76361111,202403008127,2024-Jun-21,2024-06-21T00:00:00Z,2024-06-21
45.33833333,-124.87,202403010001,2024-Aug-18,2024-08-18T00:00:00Z,2024-08-18
34.915,-120.97583333,202403008144,2024-Jun-29,2024-06-29T00:00:00Z,2024-06-29
39.95027778,-124.2175,202403020096,2024-Jun-17,2024-06-17T00:00:00Z,2024-06-17
44.41111111,-124.91361111,202403010044,2024-Sep-02,2024-09-02T00:00:00Z,2024-09-02
43.68722222,-124.80972222,202403008071,2024-Jun-07,2024-06-07T00:00:00Z,2024-06-07
44.77638889,-124.69138889,202403017054,2024-Sep-02,2024-09-02T00:00:00Z,2024-09-02
39.35972222,-123.90083333,202403017101,2024-Sep-19,2024-09-19T00:00:00Z,2024-09-19
41.23777778,-124.455,202403017090,2024-Sep-15,2024-09-15T00:00:00Z,2024-09-15
44.69416667,-124.58555556,202403017055,2024-Sep-02,2024-09-02T00:00:00Z,2024-09-02
42.07611111,-124.68527778,202403017085,2024-Sep-09,2024-09-09T00:00:00Z,2024-09-09
45.78638889,-124.35666667,202403017048,2024-Sep-01,2024-09-01T00:00:00Z,2024-09-01
44.63111111,-124.53638889,202403020064,2024-Jun-08,2024-06-08T00:00:00Z,2024-06-08
45.195,-124.68694444,202403020044,2024-Jun-01,2024-06-01T00:00:00Z,2024-06-01
38.90444444,-123.95611111,202403010088,2024-Sep-19,2024-09-19T00:00:00Z,2024-09-19
33.02055556,-120.07388889,202403008166,2024-Jul-10,2024-07-10T00:00:00Z,2024-07-10
36.31805556,-122.06833333,202403017123,2024-Sep-26,2024-09-26T00:00:00Z,2024-09-26
38.42805556,-123.46166667,202403020109,2024-Jun-20,2024-06-20T00:00:00Z,2024-06-20
33.41638889,-119.72611111,202403017158,2024-Oct-09,2024-10-09T00:00:00Z,2024-10-09
45.91805556,-124.20638889,202403017050,2024-Sep-01,2024-09-01T00:00:00Z,2024-09-01
38.71222222,-123.70027778,202403008112,2024-Jun-18,2024-06-18T00:00:00Z,2024-06-18
36.01388889,-121.75805556,202403017129,2024-Sep-27,2024-09-27T00:00:00Z,2024-09-27
44.94083333,-124.67888889,202403020040,2024-May-28,2024-05-28T00:00:00Z,2024-05-28
33.42833333,-117.99138889,202403008179,2024-Jul-15,2024-07-15T00:00:00Z,2024-07-15
43.25,-124.88944444,202403010058,2024-Sep-04,2024-09-04T00:00:00Z,2024-09-04
45.87305556,-124.62472222,202403017036,2024-Aug-25,2024-08-25T00:00:00Z,2024-08-25
32.85611111,-118.04055556,202403008173,2024-Jul-12,2024-07-12T00:00:00Z,2024-07-12
46.26638889,-124.87194444,202403008006,2024-May-20,2024-05-20T00:00:00Z,2024-05-20
37.84833333,-123.37611111,202403020114,2024-Jun-21,2024-06-21T00:00:00Z,2024-06-21
34.35833333,-120.30277778,202403017151,2024-Oct-03,2024-10-03T00:00:00Z,2024-10-03
44.31472222,-124.94083333,202403008057,2024-Jun-05,2024-06-05T00:00:00Z,2024-06-05
45.92472222,-124.51527778,202403017052,2024-Sep-01,2024-09-01T00:00:00Z,2024-09-01
43.40861111,-124.7425,202403008073,2024-Jun-08,2024-06-08T00:00:00Z,2024-06-08
45.46083333,-124.13805556,202403008040,2024-May-27,2024-05-27T00:00:00Z,2024-05-27
41.675,-124.50888889,202403010072,2024-Sep-08,2024-09-08T00:00:00Z,2024-09-08
45.58361111,-125.16166667,202403008004,2024-May-19,2024-05-19T00:00:00Z,2024-05-19
41.84222222,-124.80722222,202403020078,2024-Jun-14,2024-06-14T00:00:00Z,2024-06-14
34.60138889,-121.21805556,202403010126,2024-Oct-02,2024-10-02T00:00:00Z,2024-10-02
34.39583333,-120.5575,202403008148,2024-Jun-29,2024-06-29T00:00:00Z,2024-06-29
35.32833333,-121.50833333,202403010115,2024-Sep-29,2024-09-29T00:00:00Z,2024-09-29
46.30805556,-124.2375,202403008030,2024-May-25,2024-05-25T00:00:00Z,2024-05-25
33.4175,-118.32166667,202403017182,2024-Oct-15,2024-10-15T00:00:00Z,2024-10-15
33.12055556,-119.66472222,202403008153,2024-Jul-01,2024-07-01T00:00:00Z,2024-07-01
46.85944444,-124.82277778,202403020035,2024-May-27,2024-05-27T00:00:00Z,2024-05-27
36.79416667,-122.1075,202403020120,2024-Jun-23,2024-06-23T00:00:00Z,2024-06-23
46.92083333,-124.71583333,202403017032,2024-Aug-24,2024-08-24T00:00:00Z,2024-08-24
40.185,-124.37722222,202403008105,2024-Jun-17,2024-06-17T00:00:00Z,2024-06-17
48.39666667,-124.81611111,202403020020,2024-May-24,2024-05-24T00:00:00Z,2024-05-24
38.46611111,-123.58194444,202403020106,2024-Jun-19,2024-06-19T00:00:00Z,2024-06-19
46.96027778,-124.82055556,202403017019,2024-Aug-21,2024-08-21T00:00:00Z,2024-08-21
36.94194444,-122.29944444,202403010106,2024-Sep-22,2024-09-22T00:00:00Z,2024-09-22
44.18611111,-124.76527778,202403017061,2024-Sep-03,2024-09-03T00:00:00Z,2024-09-03
37.41083333,-123.02944444,202403017111,2024-Sep-21,2024-09-21T00:00:00Z,2024-09-21
35.63472222,-121.55388889,202403020127,2024-Jun-28,2024-06-28T00:00:00Z,2024-06-28
35.03972222,-120.80666667,202403008142,2024-Jun-28,2024-06-28T00:00:00Z,2024-06-28
37.20055556,-122.60361111,202403017116,2024-Sep-21,2024-09-21T00:00:00Z,2024-09-21
48.12944444,-125.22888889,202403008017,2024-May-22,2024-05-22T00:00:00Z,2024-05-22
42.47666667,-124.76055556,202403008084,2024-Jun-09,2024-06-09T00:00:00Z,2024-06-09
42.28861111,-124.86222222,202403008089,2024-Jun-14,2024-06-14T00:00:00Z,2024-06-14
44.25305556,-124.82444444,202403017060,2024-Sep-03,2024-09-03T00:00:00Z,2024-09-03
34.23083333,-119.84805556,202403020153,2024-Jul-04,2024-07-04T00:00:00Z,2024-07-04
48.16777778,-125.91388889,202403008019,2024-May-23,2024-05-23T00:00:00Z,2024-05-23
43.71916667,-124.44944444,202403017065,2024-Sep-04,2024-09-04T00:00:00Z,2024-09-04
37.84027778,-122.98305556,202403010097,2024-Sep-20,2024-09-20T00:00:00Z,2024-09-20
34.32444444,-119.92638889,202403020154,2024-Jul-04,2024-07-04T00:00:00Z,2024-07-04
45.89055556,-124.65166667,202403020052,2024-Jun-05,2024-06-05T00:00:00Z,2024-06-05
35.03222222,-120.73805556,202403008143,2024-Jun-29,2024-06-29T00:00:00Z,2024-06-29
42.55777778,-124.51361111,202403017078,2024-Sep-07,2024-09-07T00:00:00Z,2024-09-07
34.28361111,-120.20888889,202403010131,2024-Oct-03,2024-10-03T00:00:00Z,2024-10-03
47.54138889,-124.89555556,202403010017,2024-Aug-21,2024-08-21T00:00:00Z,2024-08-21
45.09083333,-124.70472222,202403010005,2024-Aug-18,2024-08-18T00:00:00Z,2024-08-18
34.22805556,-119.46694444,202403020156,2024-Jul-05,2024-07-05T00:00:00Z,2024-07-05
46.69333333,-124.74944444,202403020011,2024-May-21,2024-05-21T00:00:00Z,2024-05-21
